,Winning_Team,number_wins,Game_Date,Home_Team,Away_Team,Home_Score,Away_Score,Home_Victory,Coaching,Affordability,Bang_for_Buck,Behavior
0,ARI,39,2010-09-12,LAR,ARI,13,13,0,95,90,68,56
1,ARI,39,2010-09-26,ARI,OAK,24,24,1,95,90,68,56
2,ARI,39,2010-10-10,ARI,NO,30,30,1,95,90,68,56
3,ARI,39,2010-12-12,ARI,DEN,43,43,1,95,90,68,56
4,ARI,39,2010-12-25,ARI,DAL,27,27,1,95,90,68,56
5,ARI,39,2011-09-11,ARI,CAR,28,28,1,95,90,68,56
6,ARI,39,2011-11-06,ARI,LAR,19,19,1,95,90,68,56
7,ARI,39,2011-11-13,PHI,ARI,17,17,0,95,90,68,56
8,ARI,39,2011-11-27,LAR,ARI,20,20,0,95,90,68,56
9,ARI,39,2011-12-04,ARI,DAL,19,19,1,95,90,68,56
10,ARI,39,2011-12-11,ARI,SF,21,21,1,95,90,68,56
11,ARI,39,2011-12-18,ARI,CLE,20,20,1,95,90,68,56
12,ARI,39,2012-01-01,ARI,SEA,23,23,1,95,90,68,56
13,ARI,39,2012-09-09,ARI,SEA,20,20,1,95,90,68,56
14,ARI,39,2012-09-16,NE,ARI,18,18,0,95,90,68,56
15,ARI,39,2012-09-23,ARI,PHI,27,27,1,95,90,68,56
16,ARI,39,2012-09-30,ARI,MIA,24,24,1,95,90,68,56
17,ARI,39,2012-12-16,ARI,DET,38,38,1,95,90,68,56
18,ARI,39,2013-09-15,ARI,DET,25,25,1,95,90,68,56
19,ARI,39,2013-09-29,TB,ARI,10,10,0,95,90,68,56
20,ARI,39,2013-10-06,ARI,CAR,22,22,1,95,90,68,56
21,ARI,39,2013-10-27,ARI,ATL,27,27,1,95,90,68,56
22,ARI,39,2013-11-10,ARI,HOU,27,27,1,95,90,68,56
23,ARI,39,2013-11-17,JAX,ARI,14,14,0,95,90,68,56
24,ARI,39,2013-11-24,ARI,IND,40,40,1,95,90,68,56
25,ARI,39,2013-12-08,ARI,LAR,30,30,1,95,90,68,56
26,ARI,39,2013-12-15,TEN,ARI,34,34,0,95,90,68,56
27,ARI,39,2013-12-22,SEA,ARI,10,10,0,95,90,68,56
28,ARI,39,2014-09-08,ARI,LAC,18,18,1,95,90,68,56
29,ARI,39,2014-09-14,NYG,ARI,14,14,0,95,90,68,56
30,ARI,39,2014-09-21,ARI,SF,23,23,1,95,90,68,56
31,ARI,39,2014-10-12,ARI,WSH,30,30,1,95,90,68,56
32,ARI,39,2014-10-19,OAK,ARI,13,13,0,95,90,68,56
33,ARI,39,2014-10-26,ARI,PHI,24,24,1,95,90,68,56
34,ARI,39,2014-11-02,DAL,ARI,17,17,0,95,90,68,56
35,ARI,39,2014-11-09,ARI,LAR,31,31,1,95,90,68,56
36,ARI,39,2014-11-16,ARI,DET,14,14,1,95,90,68,56
37,ARI,39,2014-12-07,ARI,KC,17,17,1,95,90,68,56
38,ARI,39,2014-12-11,LAR,ARI,6,6,0,95,90,68,56
39,ATL,47,2010-09-19,ATL,ARI,41,41,1,48,61,55,56
40,ATL,47,2010-09-26,NO,ATL,24,24,0,48,61,55,56
41,ATL,47,2010-10-03,ATL,SF,16,16,1,48,61,55,56
42,ATL,47,2010-10-10,CLE,ATL,10,10,0,48,61,55,56
43,ATL,47,2010-10-24,ATL,CIN,39,39,1,48,61,55,56
44,ATL,47,2010-11-07,ATL,TB,27,27,1,48,61,55,56
45,ATL,47,2010-11-11,ATL,BAL,26,26,1,48,61,55,56
46,ATL,47,2010-11-21,LAR,ATL,17,17,0,48,61,55,56
47,ATL,47,2010-11-28,ATL,GB,20,20,1,48,61,55,56
48,ATL,47,2010-12-05,TB,ATL,24,24,0,48,61,55,56
49,ATL,47,2010-12-12,CAR,ATL,10,10,0,48,61,55,56
50,ATL,47,2010-12-19,SEA,ATL,18,18,0,48,61,55,56
51,ATL,47,2011-01-02,ATL,CAR,31,31,1,48,61,55,56
52,ATL,47,2011-09-18,ATL,PHI,35,35,1,48,61,55,56
53,ATL,47,2011-10-02,SEA,ATL,28,28,0,48,61,55,56
54,ATL,47,2011-10-16,ATL,CAR,31,31,1,48,61,55,56
55,ATL,47,2011-10-23,DET,ATL,16,16,0,48,61,55,56
56,ATL,47,2011-11-06,IND,ATL,7,7,0,48,61,55,56
57,ATL,47,2011-11-20,ATL,TEN,23,23,1,48,61,55,56
58,ATL,47,2011-11-27,ATL,MIN,24,24,1,48,61,55,56
59,ATL,47,2011-12-11,CAR,ATL,23,23,0,48,61,55,56
60,ATL,47,2011-12-15,ATL,JAX,41,41,1,48,61,55,56
61,ATL,47,2012-01-01,ATL,TB,45,45,1,48,61,55,56
62,ATL,47,2012-09-09,KC,ATL,24,24,0,48,61,55,56
63,ATL,47,2012-09-17,ATL,DEN,27,27,1,48,61,55,56
64,ATL,47,2012-09-23,LAC,ATL,3,3,0,48,61,55,56
65,ATL,47,2012-09-30,ATL,CAR,30,30,1,48,61,55,56
66,ATL,47,2012-10-07,WSH,ATL,17,17,0,48,61,55,56
67,ATL,47,2012-10-14,ATL,OAK,23,23,1,48,61,55,56
68,ATL,47,2012-10-28,PHI,ATL,17,17,0,48,61,55,56
69,ATL,47,2012-11-04,ATL,DAL,19,19,1,48,61,55,56
70,ATL,47,2012-11-18,ATL,ARI,23,23,1,48,61,55,56
71,ATL,47,2012-11-25,TB,ATL,23,23,0,48,61,55,56
72,ATL,47,2012-11-29,ATL,NO,23,23,1,48,61,55,56
73,ATL,47,2012-12-16,ATL,NYG,34,34,1,48,61,55,56
74,ATL,47,2012-12-22,DET,ATL,18,18,0,48,61,55,56
75,ATL,47,2013-01-13,ATL,SEA,30,30,1,48,61,55,56
76,ATL,47,2013-09-15,ATL,LAR,31,31,1,48,61,55,56
77,ATL,47,2013-10-20,ATL,TB,31,31,1,48,61,55,56
78,ATL,47,2013-12-01,BUF,ATL,31,31,0,48,61,55,56
79,ATL,47,2013-12-15,ATL,WSH,27,27,1,48,61,55,56
80,ATL,47,2014-09-07,ATL,NO,37,37,1,48,61,55,56
81,ATL,47,2014-09-18,ATL,TB,56,56,1,48,61,55,56
82,ATL,47,2014-11-09,TB,ATL,17,17,0,48,61,55,56
83,ATL,47,2014-11-16,CAR,ATL,17,17,0,48,61,55,56
84,ATL,47,2014-11-30,ATL,ARI,29,29,1,48,61,55,56
85,ATL,47,2014-12-21,NO,ATL,14,14,0,48,61,55,56
86,BAL,59,2010-09-13,NYJ,BAL,9,9,0,90,81,74,6
87,BAL,59,2010-09-26,BAL,CLE,24,24,1,90,81,74,6
88,BAL,59,2010-10-03,PIT,BAL,14,14,0,90,81,74,6
89,BAL,59,2010-10-10,BAL,DEN,31,31,1,90,81,74,6
90,BAL,59,2010-10-24,BAL,BUF,37,37,1,90,81,74,6
91,BAL,59,2010-11-07,BAL,MIA,26,26,1,90,81,74,6
92,BAL,59,2010-11-21,CAR,BAL,13,13,0,90,81,74,6
93,BAL,59,2010-11-28,BAL,TB,17,17,1,90,81,74,6
94,BAL,59,2010-12-13,HOU,BAL,28,28,0,90,81,74,6
95,BAL,59,2010-12-19,BAL,NO,30,30,1,90,81,74,6
96,BAL,59,2010-12-26,CLE,BAL,10,10,0,90,81,74,6
97,BAL,59,2011-01-02,BAL,CIN,13,13,1,90,81,74,6
98,BAL,59,2011-01-09,KC,BAL,7,7,0,90,81,74,6
99,BAL,59,2011-09-11,BAL,PIT,35,35,1,90,81,74,6
100,BAL,59,2011-09-25,LAR,BAL,7,7,0,90,81,74,6
101,BAL,59,2011-10-02,BAL,NYJ,34,34,1,90,81,74,6
102,BAL,59,2011-10-16,BAL,HOU,29,29,1,90,81,74,6
103,BAL,59,2011-10-30,BAL,ARI,30,30,1,90,81,74,6
104,BAL,59,2011-11-06,PIT,BAL,20,20,0,90,81,74,6
105,BAL,59,2011-11-20,BAL,CIN,31,31,1,90,81,74,6
106,BAL,59,2011-11-24,BAL,SF,16,16,1,90,81,74,6
107,BAL,59,2011-12-04,CLE,BAL,10,10,0,90,81,74,6
108,BAL,59,2011-12-11,BAL,IND,24,24,1,90,81,74,6
109,BAL,59,2011-12-24,BAL,CLE,20,20,1,90,81,74,6
110,BAL,59,2012-01-01,CIN,BAL,16,16,0,90,81,74,6
111,BAL,59,2012-01-15,BAL,HOU,20,20,1,90,81,74,6
112,BAL,59,2012-09-10,BAL,CIN,44,44,1,90,81,74,6
113,BAL,59,2012-09-23,BAL,NE,31,31,1,90,81,74,6
114,BAL,59,2012-09-27,BAL,CLE,23,23,1,90,81,74,6
115,BAL,59,2012-10-07,KC,BAL,6,6,0,90,81,74,6
116,BAL,59,2012-10-14,BAL,DAL,31,31,1,90,81,74,6
117,BAL,59,2012-11-04,CLE,BAL,15,15,0,90,81,74,6
118,BAL,59,2012-11-11,BAL,OAK,55,55,1,90,81,74,6
119,BAL,59,2012-11-18,PIT,BAL,10,10,0,90,81,74,6
120,BAL,59,2012-11-25,LAC,BAL,13,13,0,90,81,74,6
121,BAL,59,2012-12-23,BAL,NYG,33,33,1,90,81,74,6
122,BAL,59,2013-01-06,BAL,IND,24,24,1,90,81,74,6
123,BAL,59,2013-01-12,DEN,BAL,35,35,0,90,81,74,6
124,BAL,59,2013-01-20,NE,BAL,13,13,0,90,81,74,6
125,BAL,59,2013-02-03,BAL,SF,34,34,1,90,81,74,6
126,BAL,59,2013-09-15,BAL,CLE,14,14,1,90,81,74,6
127,BAL,59,2013-09-22,BAL,HOU,30,30,1,90,81,74,6
128,BAL,59,2013-10-06,MIA,BAL,23,23,0,90,81,74,6
129,BAL,59,2013-11-10,BAL,CIN,20,20,1,90,81,74,6
130,BAL,59,2013-11-24,BAL,NYJ,19,19,1,90,81,74,6
131,BAL,59,2013-11-28,BAL,PIT,22,22,1,90,81,74,6
132,BAL,59,2013-12-08,BAL,MIN,29,29,1,90,81,74,6
133,BAL,59,2013-12-16,DET,BAL,16,16,0,90,81,74,6
134,BAL,59,2014-09-11,BAL,PIT,26,26,1,90,81,74,6
135,BAL,59,2014-09-21,CLE,BAL,21,21,0,90,81,74,6
136,BAL,59,2014-09-28,BAL,CAR,38,38,1,90,81,74,6
137,BAL,59,2014-10-12,TB,BAL,17,17,0,90,81,74,6
138,BAL,59,2014-10-19,BAL,ATL,29,29,1,90,81,74,6
139,BAL,59,2014-11-09,BAL,TEN,21,21,1,90,81,74,6
140,BAL,59,2014-11-24,NO,BAL,27,27,0,90,81,74,6
141,BAL,59,2014-12-07,MIA,BAL,13,13,0,90,81,74,6
142,BAL,59,2014-12-14,BAL,JAX,20,20,1,90,81,74,6
143,BAL,59,2014-12-28,BAL,CLE,20,20,1,90,81,74,6
144,BAL,59,2015-01-03,PIT,BAL,17,17,0,90,81,74,6
145,BUF,31,2010-11-14,BUF,DET,14,14,1,58,97,61,69
146,BUF,31,2010-11-21,CIN,BUF,31,31,0,58,97,61,69
147,BUF,31,2010-12-12,BUF,CLE,13,13,1,58,97,61,69
148,BUF,31,2010-12-19,MIA,BUF,14,14,0,58,97,61,69
149,BUF,31,2011-09-11,KC,BUF,7,7,0,58,97,61,69
150,BUF,31,2011-09-18,BUF,OAK,38,38,1,58,97,61,69
151,BUF,31,2011-09-25,BUF,NE,34,34,1,58,97,61,69
152,BUF,31,2011-10-09,BUF,PHI,31,31,1,58,97,61,69
153,BUF,31,2011-10-30,BUF,WSH,23,23,1,58,97,61,69
154,BUF,31,2011-12-24,BUF,DEN,40,40,1,58,97,61,69
155,BUF,31,2012-09-16,BUF,KC,35,35,1,58,97,61,69
156,BUF,31,2012-09-23,CLE,BUF,14,14,0,58,97,61,69
157,BUF,31,2012-10-14,ARI,BUF,16,16,0,58,97,61,69
158,BUF,31,2012-11-15,BUF,MIA,19,19,1,58,97,61,69
159,BUF,31,2012-12-02,BUF,JAX,34,34,1,58,97,61,69
160,BUF,31,2012-12-30,BUF,NYJ,28,28,1,58,97,61,69
161,BUF,31,2013-09-15,BUF,CAR,24,24,1,58,97,61,69
162,BUF,31,2013-09-29,BUF,BAL,23,23,1,58,97,61,69
163,BUF,31,2013-10-20,MIA,BUF,21,21,0,58,97,61,69
164,BUF,31,2013-11-17,BUF,NYJ,37,37,1,58,97,61,69
165,BUF,31,2013-12-15,JAX,BUF,20,20,0,58,97,61,69
166,BUF,31,2013-12-22,BUF,MIA,19,19,1,58,97,61,69
167,BUF,31,2014-09-07,CHI,BUF,20,20,0,58,97,61,69
168,BUF,31,2014-09-14,BUF,MIA,29,29,1,58,97,61,69
169,BUF,31,2014-10-05,DET,BUF,14,14,0,58,97,61,69
170,BUF,31,2014-10-19,BUF,MIN,17,17,1,58,97,61,69
171,BUF,31,2014-10-26,NYJ,BUF,23,23,0,58,97,61,69
172,BUF,31,2014-11-24,BUF,NYJ,38,38,1,58,97,61,69
173,BUF,31,2014-11-30,BUF,CLE,26,26,1,58,97,61,69
174,BUF,31,2014-12-14,BUF,GB,21,21,1,58,97,61,69
175,BUF,31,2014-12-28,NE,BUF,9,9,0,58,97,61,69
176,CAR,35,2010-10-24,CAR,SF,23,23,1,52,84,90,44
177,CAR,35,2010-12-19,CAR,ARI,19,19,1,52,84,90,44
178,CAR,35,2011-09-25,CAR,JAX,16,16,1,52,84,90,44
179,CAR,35,2011-10-23,CAR,WSH,33,33,1,52,84,90,44
180,CAR,35,2011-11-27,IND,CAR,19,19,0,52,84,90,44
181,CAR,35,2011-12-04,TB,CAR,19,19,0,52,84,90,44
182,CAR,35,2011-12-18,HOU,CAR,13,13,0,52,84,90,44
183,CAR,35,2011-12-24,CAR,TB,48,48,1,52,84,90,44
184,CAR,35,2012-09-16,CAR,NO,35,35,1,52,84,90,44
185,CAR,35,2012-11-04,WSH,CAR,13,13,0,52,84,90,44
186,CAR,35,2012-11-26,PHI,CAR,22,22,0,52,84,90,44
187,CAR,35,2012-12-09,CAR,ATL,30,30,1,52,84,90,44
188,CAR,35,2012-12-16,LAC,CAR,7,7,0,52,84,90,44
189,CAR,35,2012-12-23,CAR,OAK,17,17,1,52,84,90,44
190,CAR,35,2012-12-30,NO,CAR,38,38,0,52,84,90,44
191,CAR,35,2013-09-22,CAR,NYG,38,38,1,52,84,90,44
192,CAR,35,2013-10-13,MIN,CAR,10,10,0,52,84,90,44
193,CAR,35,2013-10-20,CAR,LAR,30,30,1,52,84,90,44
194,CAR,35,2013-10-24,TB,CAR,13,13,0,52,84,90,44
195,CAR,35,2013-11-03,CAR,ATL,34,34,1,52,84,90,44
196,CAR,35,2013-11-10,SF,CAR,9,9,0,52,84,90,44
197,CAR,35,2013-11-18,CAR,NE,24,24,1,52,84,90,44
198,CAR,35,2013-11-24,MIA,CAR,16,16,0,52,84,90,44
199,CAR,35,2013-12-01,CAR,TB,27,27,1,52,84,90,44
200,CAR,35,2013-12-15,CAR,NYJ,30,30,1,52,84,90,44
201,CAR,35,2013-12-22,CAR,NO,17,17,1,52,84,90,44
202,CAR,35,2013-12-29,ATL,CAR,20,20,0,52,84,90,44
203,CAR,35,2014-09-07,TB,CAR,14,14,0,52,84,90,44
204,CAR,35,2014-09-14,CAR,DET,24,24,1,52,84,90,44
205,CAR,35,2014-10-05,CAR,CHI,31,31,1,52,84,90,44
206,CAR,35,2014-12-07,NO,CAR,10,10,0,52,84,90,44
207,CAR,35,2014-12-14,CAR,TB,19,19,1,52,84,90,44
208,CAR,35,2014-12-21,CAR,CLE,17,17,1,52,84,90,44
209,CAR,35,2014-12-28,ATL,CAR,3,3,0,52,84,90,44
210,CAR,35,2015-01-03,CAR,ARI,27,27,1,52,84,90,44
211,CHI,43,2010-09-12,CHI,DET,19,19,1,26,6,19,56
212,CHI,43,2010-09-19,DAL,CHI,20,20,0,26,6,19,56
213,CHI,43,2010-09-27,CHI,GB,20,20,1,26,6,19,56
214,CHI,43,2010-10-10,CAR,CHI,6,6,0,26,6,19,56
215,CHI,43,2010-11-07,BUF,CHI,19,19,0,26,6,19,56
216,CHI,43,2010-11-14,CHI,MIN,27,27,1,26,6,19,56
217,CHI,43,2010-11-18,MIA,CHI,0,0,0,26,6,19,56
218,CHI,43,2010-11-28,CHI,PHI,31,31,1,26,6,19,56
219,CHI,43,2010-12-05,DET,CHI,20,20,0,26,6,19,56
220,CHI,43,2010-12-20,MIN,CHI,14,14,0,26,6,19,56
221,CHI,43,2010-12-26,CHI,NYJ,38,38,1,26,6,19,56
222,CHI,43,2011-01-16,CHI,SEA,35,35,1,26,6,19,56
223,CHI,43,2011-09-11,CHI,ATL,30,30,1,26,6,19,56
224,CHI,43,2011-10-02,CHI,CAR,34,34,1,26,6,19,56
225,CHI,43,2011-10-16,CHI,MIN,39,39,1,26,6,19,56
226,CHI,43,2011-10-23,CHI,TB,24,24,1,26,6,19,56
227,CHI,43,2011-11-07,PHI,CHI,24,24,0,26,6,19,56
228,CHI,43,2011-11-13,CHI,DET,37,37,1,26,6,19,56
229,CHI,43,2011-11-20,CHI,LAC,31,31,1,26,6,19,56
230,CHI,43,2012-01-01,MIN,CHI,13,13,0,26,6,19,56
231,CHI,43,2012-09-09,CHI,IND,41,41,1,26,6,19,56
232,CHI,43,2012-09-23,CHI,LAR,23,23,1,26,6,19,56
233,CHI,43,2012-10-01,DAL,CHI,18,18,0,26,6,19,56
234,CHI,43,2012-10-07,JAX,CHI,3,3,0,26,6,19,56
235,CHI,43,2012-10-22,CHI,DET,13,13,1,26,6,19,56
236,CHI,43,2012-10-28,CHI,CAR,23,23,1,26,6,19,56
237,CHI,43,2012-11-04,TEN,CHI,20,20,0,26,6,19,56
238,CHI,43,2012-11-25,CHI,MIN,28,28,1,26,6,19,56
239,CHI,43,2012-12-23,ARI,CHI,13,13,0,26,6,19,56
240,CHI,43,2012-12-30,DET,CHI,24,24,0,26,6,19,56
241,CHI,43,2013-09-08,CHI,CIN,24,24,1,26,6,19,56
242,CHI,43,2013-09-15,CHI,MIN,31,31,1,26,6,19,56
243,CHI,43,2013-09-22,PIT,CHI,23,23,0,26,6,19,56
244,CHI,43,2013-10-10,CHI,NYG,27,27,1,26,6,19,56
245,CHI,43,2013-11-04,GB,CHI,20,20,0,26,6,19,56
246,CHI,43,2013-11-17,CHI,BAL,23,23,1,26,6,19,56
247,CHI,43,2013-12-09,CHI,DAL,45,45,1,26,6,19,56
248,CHI,43,2013-12-15,CLE,CHI,31,31,0,26,6,19,56
249,CHI,43,2014-09-14,SF,CHI,20,20,0,26,6,19,56
250,CHI,43,2014-09-22,NYJ,CHI,19,19,0,26,6,19,56
251,CHI,43,2014-10-12,ATL,CHI,13,13,0,26,6,19,56
252,CHI,43,2014-11-16,CHI,MIN,21,21,1,26,6,19,56
253,CHI,43,2014-11-23,CHI,TB,21,21,1,26,6,19,56
254,CIN,44,2010-09-19,CIN,BAL,15,15,1,13,58,87,29
255,CIN,44,2010-09-26,CAR,CIN,7,7,0,13,58,87,29
256,CIN,44,2010-12-19,CIN,CLE,19,19,1,13,58,87,29
257,CIN,44,2010-12-26,CIN,LAC,34,34,1,13,58,87,29
258,CIN,44,2011-09-11,CLE,CIN,17,17,0,13,58,87,29
259,CIN,44,2011-10-02,CIN,BUF,23,23,1,13,58,87,29
260,CIN,44,2011-10-09,JAX,CIN,20,20,0,13,58,87,29
261,CIN,44,2011-10-16,CIN,IND,27,27,1,13,58,87,29
262,CIN,44,2011-10-30,SEA,CIN,12,12,0,13,58,87,29
263,CIN,44,2011-11-06,TEN,CIN,17,17,0,13,58,87,29
264,CIN,44,2011-11-27,CIN,CLE,23,23,1,13,58,87,29
265,CIN,44,2011-12-18,LAR,CIN,13,13,0,13,58,87,29
266,CIN,44,2011-12-24,CIN,ARI,23,23,1,13,58,87,29
267,CIN,44,2012-09-16,CIN,CLE,34,34,1,13,58,87,29
268,CIN,44,2012-09-23,WSH,CIN,31,31,0,13,58,87,29
269,CIN,44,2012-09-30,JAX,CIN,10,10,0,13,58,87,29
270,CIN,44,2012-11-11,CIN,NYG,31,31,1,13,58,87,29
271,CIN,44,2012-11-18,KC,CIN,6,6,0,13,58,87,29
272,CIN,44,2012-11-25,CIN,OAK,34,34,1,13,58,87,29
273,CIN,44,2012-12-02,LAC,CIN,13,13,0,13,58,87,29
274,CIN,44,2012-12-13,PHI,CIN,13,13,0,13,58,87,29
275,CIN,44,2012-12-23,PIT,CIN,10,10,0,13,58,87,29
276,CIN,44,2012-12-30,CIN,BAL,23,23,1,13,58,87,29
277,CIN,44,2013-09-16,CIN,PIT,20,20,1,13,58,87,29
278,CIN,44,2013-09-22,CIN,GB,34,34,1,13,58,87,29
279,CIN,44,2013-10-06,CIN,NE,13,13,1,13,58,87,29
280,CIN,44,2013-10-13,BUF,CIN,24,24,0,13,58,87,29
281,CIN,44,2013-10-20,DET,CIN,24,24,0,13,58,87,29
282,CIN,44,2013-10-27,CIN,NYJ,49,49,1,13,58,87,29
283,CIN,44,2013-11-17,CIN,CLE,41,41,1,13,58,87,29
284,CIN,44,2013-12-01,LAC,CIN,10,10,0,13,58,87,29
285,CIN,44,2013-12-08,CIN,IND,42,42,1,13,58,87,29
286,CIN,44,2013-12-22,CIN,MIN,42,42,1,13,58,87,29
287,CIN,44,2013-12-29,CIN,BAL,34,34,1,13,58,87,29
288,CIN,44,2014-09-07,BAL,CIN,16,16,0,13,58,87,29
289,CIN,44,2014-09-14,CIN,ATL,24,24,1,13,58,87,29
290,CIN,44,2014-09-21,CIN,TEN,33,33,1,13,58,87,29
291,CIN,44,2014-10-26,CIN,BAL,27,27,1,13,58,87,29
292,CIN,44,2014-11-02,CIN,JAX,33,33,1,13,58,87,29
293,CIN,44,2014-11-16,NO,CIN,10,10,0,13,58,87,29
294,CIN,44,2014-11-23,HOU,CIN,13,13,0,13,58,87,29
295,CIN,44,2014-11-30,TB,CIN,13,13,0,13,58,87,29
296,CIN,44,2014-12-14,CLE,CIN,0,0,0,13,58,87,29
297,CIN,44,2014-12-22,CIN,DEN,37,37,1,13,58,87,29
298,CLE,25,2010-10-03,CLE,CIN,23,23,1,16,42,32,16
299,CLE,25,2010-10-24,NO,CLE,17,17,0,16,42,32,16
300,CLE,25,2010-11-07,CLE,NE,34,34,1,16,42,32,16
301,CLE,25,2010-11-28,CLE,CAR,24,24,1,16,42,32,16
302,CLE,25,2010-12-05,MIA,CLE,10,10,0,16,42,32,16
303,CLE,25,2011-09-18,IND,CLE,19,19,0,16,42,32,16
304,CLE,25,2011-09-25,CLE,MIA,17,17,1,16,42,32,16
305,CLE,25,2011-10-23,CLE,SEA,6,6,1,16,42,32,16
306,CLE,25,2011-11-20,CLE,JAX,14,14,1,16,42,32,16
307,CLE,25,2012-10-14,CLE,CIN,34,34,1,16,42,32,16
308,CLE,25,2012-10-28,CLE,LAC,7,7,1,16,42,32,16
309,CLE,25,2012-11-25,CLE,PIT,20,20,1,16,42,32,16
310,CLE,25,2012-12-02,OAK,CLE,17,17,0,16,42,32,16
311,CLE,25,2012-12-09,CLE,KC,30,30,1,16,42,32,16
312,CLE,25,2013-09-22,MIN,CLE,27,27,0,16,42,32,16
313,CLE,25,2013-09-29,CLE,CIN,17,17,1,16,42,32,16
314,CLE,25,2013-10-03,CLE,BUF,37,37,1,16,42,32,16
315,CLE,25,2013-11-03,CLE,BAL,24,24,1,16,42,32,16
316,CLE,25,2014-09-14,CLE,NO,26,26,1,16,42,32,16
317,CLE,25,2014-10-05,TEN,CLE,28,28,0,16,42,32,16
318,CLE,25,2014-10-12,CLE,PIT,31,31,1,16,42,32,16
319,CLE,25,2014-10-26,CLE,OAK,23,23,1,16,42,32,16
320,CLE,25,2014-11-02,CLE,TB,22,22,1,16,42,32,16
321,CLE,25,2014-11-06,CIN,CLE,3,3,0,16,42,32,16
322,CLE,25,2014-11-23,ATL,CLE,24,24,0,16,42,32,16
323,DAL,43,2010-09-26,HOU,DAL,13,13,0,42,16,77,29
324,DAL,43,2010-11-14,NYG,DAL,20,20,0,42,16,77,29
325,DAL,43,2010-11-21,DAL,DET,35,35,1,42,16,77,29
326,DAL,43,2010-12-05,IND,DAL,35,35,0,42,16,77,29
327,DAL,43,2010-12-19,DAL,WSH,33,33,1,42,16,77,29
328,DAL,43,2011-01-02,PHI,DAL,13,13,0,42,16,77,29
329,DAL,43,2011-09-18,SF,DAL,24,24,0,42,16,77,29
330,DAL,43,2011-09-26,DAL,WSH,18,18,1,42,16,77,29
331,DAL,43,2011-10-23,DAL,LAR,34,34,1,42,16,77,29
332,DAL,43,2011-11-06,DAL,SEA,23,23,1,42,16,77,29
333,DAL,43,2011-11-13,DAL,BUF,44,44,1,42,16,77,29
334,DAL,43,2011-11-20,WSH,DAL,24,24,0,42,16,77,29
335,DAL,43,2011-11-24,DAL,MIA,20,20,1,42,16,77,29
336,DAL,43,2011-12-17,TB,DAL,15,15,0,42,16,77,29
337,DAL,43,2012-09-05,NYG,DAL,17,17,0,42,16,77,29
338,DAL,43,2012-09-23,DAL,TB,16,16,1,42,16,77,29
339,DAL,43,2012-10-21,CAR,DAL,14,14,0,42,16,77,29
340,DAL,43,2012-11-11,PHI,DAL,23,23,0,42,16,77,29
341,DAL,43,2012-11-18,DAL,CLE,23,23,1,42,16,77,29
342,DAL,43,2012-12-02,DAL,PHI,38,38,1,42,16,77,29
343,DAL,43,2012-12-09,CIN,DAL,19,19,0,42,16,77,29
344,DAL,43,2012-12-16,DAL,PIT,27,27,1,42,16,77,29
345,DAL,43,2013-09-08,DAL,NYG,36,36,1,42,16,77,29
346,DAL,43,2013-09-22,DAL,LAR,31,31,1,42,16,77,29
347,DAL,43,2013-10-13,DAL,WSH,31,31,1,42,16,77,29
348,DAL,43,2013-10-20,PHI,DAL,3,3,0,42,16,77,29
349,DAL,43,2013-11-03,DAL,MIN,27,27,1,42,16,77,29
350,DAL,43,2013-11-24,NYG,DAL,21,21,0,42,16,77,29
351,DAL,43,2013-11-28,DAL,OAK,31,31,1,42,16,77,29
352,DAL,43,2013-12-22,WSH,DAL,23,23,0,42,16,77,29
353,DAL,43,2014-09-14,TEN,DAL,10,10,0,42,16,77,29
354,DAL,43,2014-09-21,LAR,DAL,31,31,0,42,16,77,29
355,DAL,43,2014-09-28,DAL,NO,38,38,1,42,16,77,29
356,DAL,43,2014-10-05,DAL,HOU,20,20,1,42,16,77,29
357,DAL,43,2014-10-12,SEA,DAL,23,23,0,42,16,77,29
358,DAL,43,2014-10-19,DAL,NYG,31,31,1,42,16,77,29
359,DAL,43,2014-11-09,DAL,JAX,31,31,1,42,16,77,29
360,DAL,43,2014-11-23,NYG,DAL,28,28,0,42,16,77,29
361,DAL,43,2014-12-04,CHI,DAL,28,28,0,42,16,77,29
362,DAL,43,2014-12-14,PHI,DAL,27,27,0,42,16,77,29
363,DAL,43,2014-12-21,DAL,IND,42,42,1,42,16,77,29
364,DAL,43,2014-12-28,WSH,DAL,17,17,0,42,16,77,29
365,DAL,43,2015-01-04,DAL,DET,24,24,1,42,16,77,29
366,DEN,53,2010-09-19,DEN,SEA,31,31,1,45,45,97,0
367,DEN,53,2010-10-03,TEN,DEN,20,20,0,45,45,97,0
368,DEN,53,2010-11-14,DEN,KC,49,49,1,45,45,97,0
369,DEN,53,2010-12-26,DEN,HOU,24,24,1,45,45,97,0
370,DEN,53,2011-09-18,DEN,CIN,24,24,1,45,45,97,0
371,DEN,53,2011-10-23,MIA,DEN,15,15,0,45,45,97,0
372,DEN,53,2011-11-06,OAK,DEN,24,24,0,45,45,97,0
373,DEN,53,2011-11-13,KC,DEN,10,10,0,45,45,97,0
374,DEN,53,2011-11-17,DEN,NYJ,17,17,1,45,45,97,0
375,DEN,53,2011-11-27,LAC,DEN,13,13,0,45,45,97,0
376,DEN,53,2011-12-04,MIN,DEN,32,32,0,45,45,97,0
377,DEN,53,2011-12-11,DEN,CHI,13,13,1,45,45,97,0
378,DEN,53,2012-01-08,DEN,PIT,29,29,1,45,45,97,0
379,DEN,53,2012-09-09,DEN,PIT,31,31,1,45,45,97,0
380,DEN,53,2012-09-30,DEN,OAK,37,37,1,45,45,97,0
381,DEN,53,2012-10-15,LAC,DEN,24,24,0,45,45,97,0
382,DEN,53,2012-10-28,DEN,NO,34,34,1,45,45,97,0
383,DEN,53,2012-11-04,CIN,DEN,23,23,0,45,45,97,0
384,DEN,53,2012-11-11,CAR,DEN,14,14,0,45,45,97,0
385,DEN,53,2012-11-18,DEN,LAC,30,30,1,45,45,97,0
386,DEN,53,2012-11-25,KC,DEN,9,9,0,45,45,97,0
387,DEN,53,2012-12-02,DEN,TB,31,31,1,45,45,97,0
388,DEN,53,2012-12-06,OAK,DEN,13,13,0,45,45,97,0
389,DEN,53,2012-12-16,BAL,DEN,17,17,0,45,45,97,0
390,DEN,53,2012-12-23,DEN,CLE,34,34,1,45,45,97,0
391,DEN,53,2012-12-30,DEN,KC,38,38,1,45,45,97,0
392,DEN,53,2013-09-05,DEN,BAL,49,49,1,45,45,97,0
393,DEN,53,2013-09-15,NYG,DEN,23,23,0,45,45,97,0
394,DEN,53,2013-09-23,DEN,OAK,37,37,1,45,45,97,0
395,DEN,53,2013-09-29,DEN,PHI,52,52,1,45,45,97,0
396,DEN,53,2013-10-06,DAL,DEN,48,48,0,45,45,97,0
397,DEN,53,2013-10-13,DEN,JAX,35,35,1,45,45,97,0
398,DEN,53,2013-10-27,DEN,WSH,45,45,1,45,45,97,0
399,DEN,53,2013-11-10,LAC,DEN,20,20,0,45,45,97,0
400,DEN,53,2013-11-17,DEN,KC,27,27,1,45,45,97,0
401,DEN,53,2013-12-01,KC,DEN,28,28,0,45,45,97,0
402,DEN,53,2013-12-08,DEN,TEN,51,51,1,45,45,97,0
403,DEN,53,2013-12-22,HOU,DEN,13,13,0,45,45,97,0
404,DEN,53,2013-12-29,OAK,DEN,14,14,0,45,45,97,0
405,DEN,53,2014-01-12,DEN,LAC,24,24,1,45,45,97,0
406,DEN,53,2014-01-19,DEN,NE,26,26,1,45,45,97,0
407,DEN,53,2014-09-07,DEN,IND,31,31,1,45,45,97,0
408,DEN,53,2014-09-14,DEN,KC,24,24,1,45,45,97,0
409,DEN,53,2014-10-05,DEN,ARI,41,41,1,45,45,97,0
410,DEN,53,2014-10-12,NYJ,DEN,17,17,0,45,45,97,0
411,DEN,53,2014-10-19,DEN,SF,42,42,1,45,45,97,0
412,DEN,53,2014-10-23,DEN,LAC,35,35,1,45,45,97,0
413,DEN,53,2014-11-09,OAK,DEN,17,17,0,45,45,97,0
414,DEN,53,2014-11-23,DEN,MIA,39,39,1,45,45,97,0
415,DEN,53,2014-11-30,KC,DEN,16,16,0,45,45,97,0
416,DEN,53,2014-12-07,DEN,BUF,24,24,1,45,45,97,0
417,DEN,53,2014-12-14,LAC,DEN,10,10,0,45,45,97,0
418,DEN,53,2014-12-28,DEN,OAK,47,47,1,45,45,97,0
419,DET,38,2010-10-10,DET,LAR,44,44,1,35,39,58,84
420,DET,38,2010-10-31,DET,WSH,37,37,1,35,39,58,84
421,DET,38,2010-12-12,DET,GB,7,7,1,35,39,58,84
422,DET,38,2010-12-19,TB,DET,20,20,0,35,39,58,84
423,DET,38,2010-12-26,MIA,DET,27,27,0,35,39,58,84
424,DET,38,2011-01-02,DET,MIN,20,20,1,35,39,58,84
425,DET,38,2011-09-11,TB,DET,20,20,0,35,39,58,84
426,DET,38,2011-09-18,DET,KC,48,48,1,35,39,58,84
427,DET,38,2011-09-25,MIN,DET,23,23,0,35,39,58,84
428,DET,38,2011-10-02,DAL,DET,30,30,0,35,39,58,84
429,DET,38,2011-10-10,DET,CHI,24,24,1,35,39,58,84
430,DET,38,2011-10-30,DEN,DET,10,10,0,35,39,58,84
431,DET,38,2011-11-20,DET,CAR,49,49,1,35,39,58,84
432,DET,38,2011-12-11,DET,MIN,34,34,1,35,39,58,84
433,DET,38,2011-12-18,OAK,DET,27,27,0,35,39,58,84
434,DET,38,2011-12-24,DET,LAC,38,38,1,35,39,58,84
435,DET,38,2012-09-09,DET,LAR,27,27,1,35,39,58,84
436,DET,38,2012-10-14,PHI,DET,23,23,0,35,39,58,84
437,DET,38,2012-10-28,DET,SEA,28,28,1,35,39,58,84
438,DET,38,2012-11-04,JAX,DET,14,14,0,35,39,58,84
439,DET,38,2013-09-08,DET,MIN,34,34,1,35,39,58,84
440,DET,38,2013-09-22,WSH,DET,20,20,0,35,39,58,84
441,DET,38,2013-09-29,DET,CHI,40,40,1,35,39,58,84
442,DET,38,2013-10-13,CLE,DET,17,17,0,35,39,58,84
443,DET,38,2013-10-27,DET,DAL,31,31,1,35,39,58,84
444,DET,38,2013-11-10,CHI,DET,19,19,0,35,39,58,84
445,DET,38,2013-11-28,DET,GB,40,40,1,35,39,58,84
446,DET,38,2014-09-08,DET,NYG,35,35,1,35,39,58,84
447,DET,38,2014-09-21,DET,GB,19,19,1,35,39,58,84
448,DET,38,2014-09-28,NYJ,DET,17,17,0,35,39,58,84
449,DET,38,2014-10-12,MIN,DET,3,3,0,35,39,58,84
450,DET,38,2014-10-19,DET,NO,24,24,1,35,39,58,84
451,DET,38,2014-10-26,DET,ATL,22,22,1,35,39,58,84
452,DET,38,2014-11-09,DET,MIA,20,20,1,35,39,58,84
453,DET,38,2014-11-27,DET,CHI,34,34,1,35,39,58,84
454,DET,38,2014-12-07,DET,TB,34,34,1,35,39,58,84
455,DET,38,2014-12-14,DET,MIN,16,16,1,35,39,58,84
456,DET,38,2014-12-21,CHI,DET,14,14,0,35,39,58,84
457,GB,62,2010-09-12,PHI,GB,20,20,0,81,94,81,69
458,GB,62,2010-09-19,GB,BUF,34,34,1,81,94,81,69
459,GB,62,2010-10-03,GB,DET,28,28,1,81,94,81,69
460,GB,62,2010-10-24,GB,MIN,28,28,1,81,94,81,69
461,GB,62,2010-10-31,NYJ,GB,0,0,0,81,94,81,69
462,GB,62,2010-11-07,GB,DAL,45,45,1,81,94,81,69
463,GB,62,2010-11-21,MIN,GB,3,3,0,81,94,81,69
464,GB,62,2010-12-05,GB,SF,34,34,1,81,94,81,69
465,GB,62,2010-12-26,GB,NYG,45,45,1,81,94,81,69
466,GB,62,2011-01-02,GB,CHI,10,10,1,81,94,81,69
467,GB,62,2011-01-09,PHI,GB,16,16,0,81,94,81,69
468,GB,62,2011-01-15,ATL,GB,21,21,0,81,94,81,69
469,GB,62,2011-01-23,CHI,GB,14,14,0,81,94,81,69
470,GB,62,2011-02-06,PIT,GB,25,25,0,81,94,81,69
471,GB,62,2011-09-08,GB,NO,42,42,1,81,94,81,69
472,GB,62,2011-09-18,CAR,GB,23,23,0,81,94,81,69
473,GB,62,2011-09-25,CHI,GB,17,17,0,81,94,81,69
474,GB,62,2011-10-02,GB,DEN,49,49,1,81,94,81,69
475,GB,62,2011-10-09,ATL,GB,14,14,0,81,94,81,69
476,GB,62,2011-10-16,GB,LAR,24,24,1,81,94,81,69
477,GB,62,2011-10-23,MIN,GB,27,27,0,81,94,81,69
478,GB,62,2011-11-06,LAC,GB,38,38,0,81,94,81,69
479,GB,62,2011-11-14,GB,MIN,45,45,1,81,94,81,69
480,GB,62,2011-11-20,GB,TB,35,35,1,81,94,81,69
481,GB,62,2011-11-24,DET,GB,15,15,0,81,94,81,69
482,GB,62,2011-12-04,NYG,GB,35,35,0,81,94,81,69
483,GB,62,2011-12-11,GB,OAK,46,46,1,81,94,81,69
484,GB,62,2011-12-25,GB,CHI,35,35,1,81,94,81,69
485,GB,62,2012-01-01,GB,DET,45,45,1,81,94,81,69
486,GB,62,2012-09-13,GB,CHI,23,23,1,81,94,81,69
487,GB,62,2012-09-30,GB,NO,28,28,1,81,94,81,69
488,GB,62,2012-10-14,HOU,GB,24,24,0,81,94,81,69
489,GB,62,2012-10-21,LAR,GB,20,20,0,81,94,81,69
490,GB,62,2012-10-28,GB,JAX,24,24,1,81,94,81,69
491,GB,62,2012-11-04,GB,ARI,31,31,1,81,94,81,69
492,GB,62,2012-11-18,DET,GB,20,20,0,81,94,81,69
493,GB,62,2012-12-02,GB,MIN,23,23,1,81,94,81,69
494,GB,62,2012-12-09,GB,DET,27,27,1,81,94,81,69
495,GB,62,2012-12-16,CHI,GB,13,13,0,81,94,81,69
496,GB,62,2012-12-23,GB,TEN,55,55,1,81,94,81,69
497,GB,62,2013-01-05,GB,MIN,24,24,1,81,94,81,69
498,GB,62,2013-09-15,GB,WSH,38,38,1,81,94,81,69
499,GB,62,2013-10-06,GB,DET,22,22,1,81,94,81,69
500,GB,62,2013-10-13,BAL,GB,17,17,0,81,94,81,69
501,GB,62,2013-10-20,GB,CLE,31,31,1,81,94,81,69
502,GB,62,2013-10-27,MIN,GB,31,31,0,81,94,81,69
503,GB,62,2013-12-08,GB,ATL,22,22,1,81,94,81,69
504,GB,62,2013-12-15,DAL,GB,36,36,0,81,94,81,69
505,GB,62,2013-12-29,CHI,GB,28,28,0,81,94,81,69
506,GB,62,2014-09-14,GB,NYJ,31,31,1,81,94,81,69
507,GB,62,2014-09-28,CHI,GB,17,17,0,81,94,81,69
508,GB,62,2014-10-02,GB,MIN,42,42,1,81,94,81,69
509,GB,62,2014-10-12,MIA,GB,24,24,0,81,94,81,69
510,GB,62,2014-10-19,GB,CAR,38,38,1,81,94,81,69
511,GB,62,2014-11-09,GB,CHI,55,55,1,81,94,81,69
512,GB,62,2014-11-16,GB,PHI,53,53,1,81,94,81,69
513,GB,62,2014-11-23,MIN,GB,21,21,0,81,94,81,69
514,GB,62,2014-11-30,GB,NE,26,26,1,81,94,81,69
515,GB,62,2014-12-08,GB,ATL,43,43,1,81,94,81,69
516,GB,62,2014-12-21,TB,GB,3,3,0,81,94,81,69
517,GB,62,2014-12-28,GB,DET,30,30,1,81,94,81,69
518,GB,62,2015-01-11,GB,DAL,26,26,1,81,94,81,69
519,HOU,41,2010-09-12,HOU,IND,34,34,1,55,48,35,95
520,HOU,41,2010-09-19,WSH,HOU,27,27,0,55,48,35,95
521,HOU,41,2010-10-03,OAK,HOU,24,24,0,55,48,35,95
522,HOU,41,2010-10-17,HOU,KC,35,35,1,55,48,35,95
523,HOU,41,2010-11-28,HOU,TEN,20,20,1,55,48,35,95
524,HOU,41,2011-01-02,HOU,JAX,34,34,1,55,48,35,95
525,HOU,41,2011-09-11,HOU,IND,34,34,1,55,48,35,95
526,HOU,41,2011-09-18,MIA,HOU,13,13,0,55,48,35,95
527,HOU,41,2011-10-02,HOU,PIT,17,17,1,55,48,35,95
528,HOU,41,2011-10-23,TEN,HOU,7,7,0,55,48,35,95
529,HOU,41,2011-10-30,HOU,JAX,24,24,1,55,48,35,95
530,HOU,41,2011-11-06,HOU,CLE,30,30,1,55,48,35,95
531,HOU,41,2011-11-13,TB,HOU,9,9,0,55,48,35,95
532,HOU,41,2011-11-27,JAX,HOU,13,13,0,55,48,35,95
533,HOU,41,2011-12-04,HOU,ATL,17,17,1,55,48,35,95
534,HOU,41,2011-12-11,CIN,HOU,19,19,0,55,48,35,95
535,HOU,41,2012-01-07,HOU,CIN,31,31,1,55,48,35,95
536,HOU,41,2012-09-09,HOU,MIA,30,30,1,55,48,35,95
537,HOU,41,2012-09-16,JAX,HOU,7,7,0,55,48,35,95
538,HOU,41,2012-09-23,DEN,HOU,25,25,0,55,48,35,95
539,HOU,41,2012-09-30,HOU,TEN,38,38,1,55,48,35,95
540,HOU,41,2012-10-08,NYJ,HOU,17,17,0,55,48,35,95
541,HOU,41,2012-10-21,HOU,BAL,43,43,1,55,48,35,95
542,HOU,41,2012-11-04,HOU,BUF,21,21,1,55,48,35,95
543,HOU,41,2012-11-11,CHI,HOU,6,6,0,55,48,35,95
544,HOU,41,2012-11-18,HOU,JAX,43,43,1,55,48,35,95
545,HOU,41,2012-11-22,DET,HOU,31,31,0,55,48,35,95
546,HOU,41,2012-12-02,TEN,HOU,10,10,0,55,48,35,95
547,HOU,41,2012-12-16,HOU,IND,29,29,1,55,48,35,95
548,HOU,41,2013-01-05,HOU,CIN,19,19,1,55,48,35,95
549,HOU,41,2013-09-09,LAC,HOU,28,28,0,55,48,35,95
550,HOU,41,2013-09-15,HOU,TEN,30,30,1,55,48,35,95
551,HOU,41,2014-09-07,HOU,WSH,17,17,1,55,48,35,95
552,HOU,41,2014-09-14,OAK,HOU,14,14,0,55,48,35,95
553,HOU,41,2014-09-28,HOU,BUF,23,23,1,55,48,35,95
554,HOU,41,2014-10-26,TEN,HOU,16,16,0,55,48,35,95
555,HOU,41,2014-11-16,CLE,HOU,7,7,0,55,48,35,95
556,HOU,41,2014-11-30,HOU,TEN,45,45,1,55,48,35,95
557,HOU,41,2014-12-07,JAX,HOU,13,13,0,55,48,35,95
558,HOU,41,2014-12-21,HOU,BAL,25,25,1,55,48,35,95
559,HOU,41,2014-12-28,HOU,JAX,23,23,1,55,48,35,95
560,IND,48,2010-09-19,IND,NYG,38,38,1,68,77,94,16
561,IND,48,2010-09-26,DEN,IND,13,13,0,68,77,94,16
562,IND,48,2010-10-10,IND,KC,19,19,1,68,77,94,16
563,IND,48,2010-10-17,WSH,IND,24,24,0,68,77,94,16
564,IND,48,2010-11-01,IND,HOU,30,30,1,68,77,94,16
565,IND,48,2010-11-14,IND,CIN,23,23,1,68,77,94,16
566,IND,48,2010-12-09,TEN,IND,28,28,0,68,77,94,16
567,IND,48,2010-12-19,IND,JAX,34,34,1,68,77,94,16
568,IND,48,2010-12-26,OAK,IND,26,26,0,68,77,94,16
569,IND,48,2011-01-02,IND,TEN,23,23,1,68,77,94,16
570,IND,48,2011-12-18,IND,TEN,27,27,1,68,77,94,16
571,IND,48,2011-12-22,IND,HOU,19,19,1,68,77,94,16
572,IND,48,2012-09-16,IND,MIN,23,23,1,68,77,94,16
573,IND,48,2012-10-07,IND,GB,30,30,1,68,77,94,16
574,IND,48,2012-10-21,IND,CLE,17,17,1,68,77,94,16
575,IND,48,2012-10-28,TEN,IND,13,13,0,68,77,94,16
576,IND,48,2012-11-04,IND,MIA,23,23,1,68,77,94,16
577,IND,48,2012-11-08,JAX,IND,10,10,0,68,77,94,16
578,IND,48,2012-11-25,IND,BUF,20,20,1,68,77,94,16
579,IND,48,2012-12-02,DET,IND,33,33,0,68,77,94,16
580,IND,48,2012-12-09,IND,TEN,27,27,1,68,77,94,16
581,IND,48,2012-12-23,KC,IND,13,13,0,68,77,94,16
582,IND,48,2012-12-30,IND,HOU,28,28,1,68,77,94,16
583,IND,48,2013-09-08,IND,OAK,21,21,1,68,77,94,16
584,IND,48,2013-09-22,SF,IND,7,7,0,68,77,94,16
585,IND,48,2013-09-29,JAX,IND,3,3,0,68,77,94,16
586,IND,48,2013-10-06,IND,SEA,34,34,1,68,77,94,16
587,IND,48,2013-10-20,IND,DEN,39,39,1,68,77,94,16
588,IND,48,2013-11-03,HOU,IND,24,24,0,68,77,94,16
589,IND,48,2013-11-14,TEN,IND,27,27,0,68,77,94,16
590,IND,48,2013-12-01,IND,TEN,22,22,1,68,77,94,16
591,IND,48,2013-12-15,IND,HOU,25,25,1,68,77,94,16
592,IND,48,2013-12-22,KC,IND,7,7,0,68,77,94,16
593,IND,48,2013-12-29,IND,JAX,30,30,1,68,77,94,16
594,IND,48,2014-01-04,IND,KC,45,45,1,68,77,94,16
595,IND,48,2014-09-21,JAX,IND,17,17,0,68,77,94,16
596,IND,48,2014-09-28,IND,TEN,41,41,1,68,77,94,16
597,IND,48,2014-10-05,IND,BAL,20,20,1,68,77,94,16
598,IND,48,2014-10-09,HOU,IND,28,28,0,68,77,94,16
599,IND,48,2014-10-19,IND,CIN,27,27,1,68,77,94,16
600,IND,48,2014-11-03,NYG,IND,24,24,0,68,77,94,16
601,IND,48,2014-11-23,IND,JAX,23,23,1,68,77,94,16
602,IND,48,2014-11-30,IND,WSH,49,49,1,68,77,94,16
603,IND,48,2014-12-07,CLE,IND,24,24,0,68,77,94,16
604,IND,48,2014-12-14,IND,HOU,17,17,1,68,77,94,16
605,IND,48,2014-12-28,TEN,IND,10,10,0,68,77,94,16
606,IND,48,2015-01-04,IND,CIN,26,26,1,68,77,94,16
607,IND,48,2015-01-11,DEN,IND,13,13,0,68,77,94,16
608,JAX,22,2010-09-12,JAX,DEN,24,24,1,61,100,3,29
609,JAX,22,2010-10-03,JAX,IND,31,31,1,61,100,3,29
610,JAX,22,2010-10-10,BUF,JAX,26,26,0,61,100,3,29
611,JAX,22,2010-10-31,DAL,JAX,17,17,0,61,100,3,29
612,JAX,22,2010-11-14,JAX,HOU,31,31,1,61,100,3,29
613,JAX,22,2010-11-21,JAX,CLE,24,24,1,61,100,3,29
614,JAX,22,2010-12-05,TEN,JAX,6,6,0,61,100,3,29
615,JAX,22,2010-12-12,JAX,OAK,38,38,1,61,100,3,29
616,JAX,22,2011-09-11,JAX,TEN,16,16,1,61,100,3,29
617,JAX,22,2011-10-24,JAX,BAL,12,12,1,61,100,3,29
618,JAX,22,2011-11-13,IND,JAX,3,3,0,61,100,3,29
619,JAX,22,2011-12-11,JAX,TB,41,41,1,61,100,3,29
620,JAX,22,2012-01-01,JAX,IND,19,19,1,61,100,3,29
621,JAX,22,2012-09-23,IND,JAX,17,17,0,61,100,3,29
622,JAX,22,2012-11-25,JAX,TEN,24,24,1,61,100,3,29
623,JAX,22,2013-11-10,TEN,JAX,27,27,0,61,100,3,29
624,JAX,22,2013-11-24,HOU,JAX,6,6,0,61,100,3,29
625,JAX,22,2013-12-01,CLE,JAX,28,28,0,61,100,3,29
626,JAX,22,2013-12-05,JAX,HOU,27,27,1,61,100,3,29
627,JAX,22,2014-10-19,JAX,CLE,24,24,1,61,100,3,29
628,JAX,22,2014-11-30,JAX,NYG,25,25,1,61,100,3,29
629,JAX,22,2014-12-18,JAX,TEN,21,21,1,61,100,3,29
630,KC,39,2010-09-13,KC,LAC,21,21,1,84,71,48,44
631,KC,39,2010-09-19,CLE,KC,14,14,0,84,71,48,44
632,KC,39,2010-09-26,KC,SF,31,31,1,84,71,48,44
633,KC,39,2010-10-24,KC,JAX,42,42,1,84,71,48,44
634,KC,39,2010-10-31,KC,BUF,13,13,1,84,71,48,44
635,KC,39,2010-11-21,KC,ARI,31,31,1,84,71,48,44
636,KC,39,2010-11-28,SEA,KC,24,24,0,84,71,48,44
637,KC,39,2010-12-05,KC,DEN,10,10,1,84,71,48,44
638,KC,39,2010-12-19,LAR,KC,13,13,0,84,71,48,44
639,KC,39,2010-12-26,KC,TEN,34,34,1,84,71,48,44
640,KC,39,2011-10-02,KC,MIN,22,22,1,84,71,48,44
641,KC,39,2011-10-09,IND,KC,24,24,0,84,71,48,44
642,KC,39,2011-10-23,OAK,KC,0,0,0,84,71,48,44
643,KC,39,2011-10-31,KC,LAC,23,23,1,84,71,48,44
644,KC,39,2011-12-04,CHI,KC,3,3,0,84,71,48,44
645,KC,39,2011-12-18,KC,GB,19,19,1,84,71,48,44
646,KC,39,2012-01-01,DEN,KC,3,3,0,84,71,48,44
647,KC,39,2012-09-23,NO,KC,24,24,0,84,71,48,44
648,KC,39,2012-12-02,KC,CAR,27,27,1,84,71,48,44
649,KC,39,2013-09-08,JAX,KC,2,2,0,84,71,48,44
650,KC,39,2013-09-15,KC,DAL,17,17,1,84,71,48,44
651,KC,39,2013-09-19,PHI,KC,16,16,0,84,71,48,44
652,KC,39,2013-09-29,KC,NYG,31,31,1,84,71,48,44
653,KC,39,2013-10-06,TEN,KC,17,17,0,84,71,48,44
654,KC,39,2013-10-13,KC,OAK,24,24,1,84,71,48,44
655,KC,39,2013-10-20,KC,HOU,17,17,1,84,71,48,44
656,KC,39,2013-10-27,KC,CLE,23,23,1,84,71,48,44
657,KC,39,2013-11-03,BUF,KC,13,13,0,84,71,48,44
658,KC,39,2013-12-08,WSH,KC,10,10,0,84,71,48,44
659,KC,39,2013-12-15,OAK,KC,31,31,0,84,71,48,44
660,KC,39,2014-09-21,MIA,KC,15,15,0,84,71,48,44
661,KC,39,2014-09-29,KC,NE,41,41,1,84,71,48,44
662,KC,39,2014-10-19,LAC,KC,20,20,0,84,71,48,44
663,KC,39,2014-10-26,KC,LAR,34,34,1,84,71,48,44
664,KC,39,2014-11-02,KC,NYJ,24,24,1,84,71,48,44
665,KC,39,2014-11-09,BUF,KC,13,13,0,84,71,48,44
666,KC,39,2014-11-16,KC,SEA,24,24,1,84,71,48,44
667,KC,39,2014-12-14,KC,OAK,31,31,1,84,71,48,44
668,KC,39,2014-12-28,KC,LAC,19,19,1,84,71,48,44
669,LAC,43,2010-09-19,LAC,JAX,38,38,1,19,19,52,84
670,LAC,43,2010-10-03,LAC,ARI,41,41,1,19,19,52,84
671,LAC,43,2010-10-31,LAC,TEN,33,33,1,19,19,52,84
672,LAC,43,2010-11-07,HOU,LAC,23,23,0,19,19,52,84
673,LAC,43,2010-11-22,LAC,DEN,35,35,1,19,19,52,84
674,LAC,43,2010-11-28,IND,LAC,14,14,0,19,19,52,84
675,LAC,43,2010-12-12,LAC,KC,31,31,1,19,19,52,84
676,LAC,43,2010-12-16,LAC,SF,34,34,1,19,19,52,84
677,LAC,43,2011-01-02,DEN,LAC,28,28,0,19,19,52,84
678,LAC,43,2011-09-11,LAC,MIN,24,24,1,19,19,52,84
679,LAC,43,2011-09-25,LAC,KC,20,20,1,19,19,52,84
680,LAC,43,2011-10-02,LAC,MIA,26,26,1,19,19,52,84
681,LAC,43,2011-10-09,DEN,LAC,24,24,0,19,19,52,84
682,LAC,43,2011-12-05,JAX,LAC,14,14,0,19,19,52,84
683,LAC,43,2011-12-11,LAC,BUF,37,37,1,19,19,52,84
684,LAC,43,2011-12-18,LAC,BAL,34,34,1,19,19,52,84
685,LAC,43,2012-01-01,OAK,LAC,26,26,0,19,19,52,84
686,LAC,43,2012-09-10,OAK,LAC,14,14,0,19,19,52,84
687,LAC,43,2012-09-16,LAC,TEN,38,38,1,19,19,52,84
688,LAC,43,2012-09-30,KC,LAC,20,20,0,19,19,52,84
689,LAC,43,2012-11-01,LAC,KC,31,31,1,19,19,52,84
690,LAC,43,2012-12-09,PIT,LAC,24,24,0,19,19,52,84
691,LAC,43,2012-12-23,NYJ,LAC,17,17,0,19,19,52,84
692,LAC,43,2012-12-30,LAC,OAK,24,24,1,19,19,52,84
693,LAC,43,2013-09-15,PHI,LAC,30,30,0,19,19,52,84
694,LAC,43,2013-09-29,LAC,DAL,30,30,1,19,19,52,84
695,LAC,43,2013-10-14,LAC,IND,19,19,1,19,19,52,84
696,LAC,43,2013-10-20,JAX,LAC,6,6,0,19,19,52,84
697,LAC,43,2013-11-24,KC,LAC,38,38,0,19,19,52,84
698,LAC,43,2013-12-08,LAC,NYG,37,37,1,19,19,52,84
699,LAC,43,2013-12-12,DEN,LAC,20,20,0,19,19,52,84
700,LAC,43,2013-12-22,LAC,OAK,26,26,1,19,19,52,84
701,LAC,43,2013-12-29,LAC,KC,27,27,1,19,19,52,84
702,LAC,43,2014-01-05,CIN,LAC,10,10,0,19,19,52,84
703,LAC,43,2014-09-14,LAC,SEA,30,30,1,19,19,52,84
704,LAC,43,2014-09-21,BUF,LAC,10,10,0,19,19,52,84
705,LAC,43,2014-09-28,LAC,JAX,33,33,1,19,19,52,84
706,LAC,43,2014-10-05,LAC,NYJ,31,31,1,19,19,52,84
707,LAC,43,2014-10-12,OAK,LAC,28,28,0,19,19,52,84
708,LAC,43,2014-11-16,LAC,OAK,13,13,1,19,19,52,84
709,LAC,43,2014-11-23,LAC,LAR,27,27,1,19,19,52,84
710,LAC,43,2014-11-30,BAL,LAC,33,33,0,19,19,52,84
711,LAC,43,2014-12-20,SF,LAC,35,35,0,19,19,52,84
712,LAR,29,2010-09-26,LAR,WSH,30,30,1,39,55,39,56
713,LAR,29,2010-10-03,LAR,SEA,20,20,1,39,55,39,56
714,LAR,29,2010-10-17,LAR,LAC,20,20,1,39,55,39,56
715,LAR,29,2010-10-31,LAR,CAR,20,20,1,39,55,39,56
716,LAR,29,2010-11-28,DEN,LAR,33,33,0,39,55,39,56
717,LAR,29,2010-12-05,ARI,LAR,6,6,0,39,55,39,56
718,LAR,29,2010-12-26,LAR,SF,25,25,1,39,55,39,56
719,LAR,29,2011-10-30,LAR,NO,31,31,1,39,55,39,56
720,LAR,29,2011-11-13,CLE,LAR,12,12,0,39,55,39,56
721,LAR,29,2012-09-16,LAR,WSH,31,31,1,39,55,39,56
722,LAR,29,2012-09-30,LAR,SEA,19,19,1,39,55,39,56
723,LAR,29,2012-10-04,LAR,ARI,17,17,1,39,55,39,56
724,LAR,29,2012-11-25,ARI,LAR,17,17,0,39,55,39,56
725,LAR,29,2012-12-02,LAR,SF,16,16,1,39,55,39,56
726,LAR,29,2012-12-09,BUF,LAR,12,12,0,39,55,39,56
727,LAR,29,2012-12-23,TB,LAR,13,13,0,39,55,39,56
728,LAR,29,2013-09-08,LAR,ARI,27,27,1,39,55,39,56
729,LAR,29,2013-10-06,LAR,JAX,34,34,1,39,55,39,56
730,LAR,29,2013-10-13,HOU,LAR,13,13,0,39,55,39,56
731,LAR,29,2013-11-10,IND,LAR,8,8,0,39,55,39,56
732,LAR,29,2013-11-24,LAR,CHI,42,42,1,39,55,39,56
733,LAR,29,2013-12-15,LAR,NO,27,27,1,39,55,39,56
734,LAR,29,2013-12-22,LAR,TB,23,23,1,39,55,39,56
735,LAR,29,2014-09-14,TB,LAR,17,17,0,39,55,39,56
736,LAR,29,2014-10-19,LAR,SEA,28,28,1,39,55,39,56
737,LAR,29,2014-11-02,SF,LAR,10,10,0,39,55,39,56
738,LAR,29,2014-11-16,LAR,DEN,22,22,1,39,55,39,56
739,LAR,29,2014-11-30,LAR,OAK,52,52,1,39,55,39,56
740,LAR,29,2014-12-07,WSH,LAR,0,0,0,39,55,39,56
741,MIA,36,2010-09-12,BUF,MIA,10,10,0,6,35,71,95
742,MIA,36,2010-09-19,MIN,MIA,10,10,0,6,35,71,95
743,MIA,36,2010-10-17,GB,MIA,20,20,0,6,35,71,95
744,MIA,36,2010-10-31,CIN,MIA,14,14,0,6,35,71,95
745,MIA,36,2010-11-14,MIA,TEN,29,29,1,6,35,71,95
746,MIA,36,2010-11-28,OAK,MIA,17,17,0,6,35,71,95
747,MIA,36,2010-12-12,NYJ,MIA,6,6,0,6,35,71,95
748,MIA,36,2011-11-06,KC,MIA,3,3,0,6,35,71,95
749,MIA,36,2011-11-13,MIA,WSH,20,20,1,6,35,71,95
750,MIA,36,2011-11-20,MIA,BUF,35,35,1,6,35,71,95
751,MIA,36,2011-12-04,MIA,OAK,34,34,1,6,35,71,95
752,MIA,36,2011-12-18,BUF,MIA,23,23,0,6,35,71,95
753,MIA,36,2012-01-01,MIA,NYJ,19,19,1,6,35,71,95
754,MIA,36,2012-09-16,MIA,OAK,35,35,1,6,35,71,95
755,MIA,36,2012-10-07,CIN,MIA,13,13,0,6,35,71,95
756,MIA,36,2012-10-14,MIA,LAR,17,17,1,6,35,71,95
757,MIA,36,2012-10-28,NYJ,MIA,9,9,0,6,35,71,95
758,MIA,36,2012-11-25,MIA,SEA,24,24,1,6,35,71,95
759,MIA,36,2012-12-16,MIA,JAX,24,24,1,6,35,71,95
760,MIA,36,2012-12-23,MIA,BUF,24,24,1,6,35,71,95
761,MIA,36,2013-09-08,CLE,MIA,10,10,0,6,35,71,95
762,MIA,36,2013-09-15,IND,MIA,20,20,0,6,35,71,95
763,MIA,36,2013-09-22,MIA,ATL,27,27,1,6,35,71,95
764,MIA,36,2013-10-31,MIA,CIN,22,22,1,6,35,71,95
765,MIA,36,2013-11-17,MIA,LAC,20,20,1,6,35,71,95
766,MIA,36,2013-12-01,NYJ,MIA,3,3,0,6,35,71,95
767,MIA,36,2013-12-08,PIT,MIA,28,28,0,6,35,71,95
768,MIA,36,2013-12-15,MIA,NE,24,24,1,6,35,71,95
769,MIA,36,2014-09-07,MIA,NE,33,33,1,6,35,71,95
770,MIA,36,2014-09-28,MIA,OAK,38,38,1,6,35,71,95
771,MIA,36,2014-10-19,CHI,MIA,14,14,0,6,35,71,95
772,MIA,36,2014-10-26,JAX,MIA,13,13,0,6,35,71,95
773,MIA,36,2014-11-02,MIA,LAC,37,37,1,6,35,71,95
774,MIA,36,2014-11-13,MIA,BUF,22,22,1,6,35,71,95
775,MIA,36,2014-12-01,NYJ,MIA,13,13,0,6,35,71,95
776,MIA,36,2014-12-21,MIA,MIN,37,37,1,6,35,71,95
777,MIN,31,2010-09-26,MIN,DET,24,24,1,74,52,29,44
778,MIN,31,2010-10-17,MIN,DAL,24,24,1,74,52,29,44
779,MIN,31,2010-11-07,MIN,ARI,27,27,1,74,52,29,44
780,MIN,31,2010-11-28,WSH,MIN,13,13,0,74,52,29,44
781,MIN,31,2010-12-05,MIN,BUF,38,38,1,74,52,29,44
782,MIN,31,2010-12-28,PHI,MIN,14,14,0,74,52,29,44
783,MIN,31,2011-10-09,MIN,ARI,34,34,1,74,52,29,44
784,MIN,31,2011-10-30,CAR,MIN,21,21,0,74,52,29,44
785,MIN,31,2011-12-24,WSH,MIN,26,26,0,74,52,29,44
786,MIN,31,2012-09-09,MIN,JAX,26,26,1,74,52,29,44
787,MIN,31,2012-09-23,MIN,SF,24,24,1,74,52,29,44
788,MIN,31,2012-09-30,DET,MIN,13,13,0,74,52,29,44
789,MIN,31,2012-10-07,MIN,TEN,30,30,1,74,52,29,44
790,MIN,31,2012-10-21,MIN,ARI,21,21,1,74,52,29,44
791,MIN,31,2012-11-11,MIN,DET,34,34,1,74,52,29,44
792,MIN,31,2012-12-09,MIN,CHI,21,21,1,74,52,29,44
793,MIN,31,2012-12-16,LAR,MIN,22,22,0,74,52,29,44
794,MIN,31,2012-12-23,HOU,MIN,6,6,0,74,52,29,44
795,MIN,31,2012-12-30,MIN,GB,37,37,1,74,52,29,44
796,MIN,31,2013-09-29,PIT,MIN,27,27,0,74,52,29,44
797,MIN,31,2013-11-07,MIN,WSH,34,34,1,74,52,29,44
798,MIN,31,2013-12-01,MIN,CHI,23,23,1,74,52,29,44
799,MIN,31,2013-12-15,MIN,PHI,48,48,1,74,52,29,44
800,MIN,31,2013-12-29,MIN,DET,14,14,1,74,52,29,44
801,MIN,31,2014-09-07,LAR,MIN,6,6,0,74,52,29,44
802,MIN,31,2014-09-28,MIN,ATL,41,41,1,74,52,29,44
803,MIN,31,2014-10-26,TB,MIN,13,13,0,74,52,29,44
804,MIN,31,2014-11-02,MIN,WSH,29,29,1,74,52,29,44
805,MIN,31,2014-11-30,MIN,CAR,31,31,1,74,52,29,44
806,MIN,31,2014-12-07,MIN,NYJ,30,30,1,74,52,29,44
807,MIN,31,2014-12-28,MIN,CHI,13,13,1,74,52,29,44
808,NE,70,2010-09-12,NE,CIN,38,38,1,100,26,84,77
809,NE,70,2010-09-26,NE,BUF,38,38,1,100,26,84,77
810,NE,70,2010-10-04,MIA,NE,14,14,0,100,26,84,77
811,NE,70,2010-10-17,NE,BAL,23,23,1,100,26,84,77
812,NE,70,2010-10-24,LAC,NE,20,20,0,100,26,84,77
813,NE,70,2010-10-31,NE,MIN,28,28,1,100,26,84,77
814,NE,70,2010-11-14,PIT,NE,26,26,0,100,26,84,77
815,NE,70,2010-11-21,NE,IND,31,31,1,100,26,84,77
816,NE,70,2010-11-25,DET,NE,24,24,0,100,26,84,77
817,NE,70,2010-12-06,NE,NYJ,45,45,1,100,26,84,77
818,NE,70,2010-12-12,CHI,NE,7,7,0,100,26,84,77
819,NE,70,2010-12-19,NE,GB,31,31,1,100,26,84,77
820,NE,70,2010-12-26,BUF,NE,3,3,0,100,26,84,77
821,NE,70,2011-01-02,NE,MIA,38,38,1,100,26,84,77
822,NE,70,2011-09-12,MIA,NE,24,24,0,100,26,84,77
823,NE,70,2011-09-18,NE,LAC,35,35,1,100,26,84,77
824,NE,70,2011-10-02,OAK,NE,19,19,0,100,26,84,77
825,NE,70,2011-10-09,NE,NYJ,30,30,1,100,26,84,77
826,NE,70,2011-10-16,NE,DAL,20,20,1,100,26,84,77
827,NE,70,2011-11-13,NYJ,NE,16,16,0,100,26,84,77
828,NE,70,2011-11-21,NE,KC,34,34,1,100,26,84,77
829,NE,70,2011-11-27,PHI,NE,20,20,0,100,26,84,77
830,NE,70,2011-12-04,NE,IND,31,31,1,100,26,84,77
831,NE,70,2011-12-11,WSH,NE,27,27,0,100,26,84,77
832,NE,70,2011-12-18,DEN,NE,23,23,0,100,26,84,77
833,NE,70,2011-12-24,NE,MIA,27,27,1,100,26,84,77
834,NE,70,2012-01-01,NE,BUF,49,49,1,100,26,84,77
835,NE,70,2012-01-14,NE,DEN,45,45,1,100,26,84,77
836,NE,70,2012-01-22,NE,BAL,23,23,1,100,26,84,77
837,NE,70,2012-09-09,TEN,NE,13,13,0,100,26,84,77
838,NE,70,2012-09-30,BUF,NE,28,28,0,100,26,84,77
839,NE,70,2012-10-07,NE,DEN,31,31,1,100,26,84,77
840,NE,70,2012-10-21,NE,NYJ,29,29,1,100,26,84,77
841,NE,70,2012-10-28,NE,LAR,45,45,1,100,26,84,77
842,NE,70,2012-11-11,NE,BUF,37,37,1,100,26,84,77
843,NE,70,2012-11-18,NE,IND,59,59,1,100,26,84,77
844,NE,70,2012-11-22,NYJ,NE,19,19,0,100,26,84,77
845,NE,70,2012-12-02,MIA,NE,16,16,0,100,26,84,77
846,NE,70,2012-12-10,NE,HOU,42,42,1,100,26,84,77
847,NE,70,2012-12-23,JAX,NE,16,16,0,100,26,84,77
848,NE,70,2012-12-30,NE,MIA,28,28,1,100,26,84,77
849,NE,70,2013-01-13,NE,HOU,41,41,1,100,26,84,77
850,NE,70,2013-09-08,BUF,NE,21,21,0,100,26,84,77
851,NE,70,2013-09-12,NE,NYJ,13,13,1,100,26,84,77
852,NE,70,2013-09-22,NE,TB,23,23,1,100,26,84,77
853,NE,70,2013-09-29,ATL,NE,23,23,0,100,26,84,77
854,NE,70,2013-10-13,NE,NO,30,30,1,100,26,84,77
855,NE,70,2013-10-27,NE,MIA,27,27,1,100,26,84,77
856,NE,70,2013-11-03,NE,PIT,55,55,1,100,26,84,77
857,NE,70,2013-11-24,NE,DEN,34,34,1,100,26,84,77
858,NE,70,2013-12-01,HOU,NE,31,31,0,100,26,84,77
859,NE,70,2013-12-08,NE,CLE,27,27,1,100,26,84,77
860,NE,70,2013-12-22,BAL,NE,7,7,0,100,26,84,77
861,NE,70,2013-12-29,NE,BUF,34,34,1,100,26,84,77
862,NE,70,2014-01-11,NE,IND,43,43,1,100,26,84,77
863,NE,70,2014-09-14,MIN,NE,7,7,0,100,26,84,77
864,NE,70,2014-09-21,NE,OAK,16,16,1,100,26,84,77
865,NE,70,2014-10-05,NE,CIN,43,43,1,100,26,84,77
866,NE,70,2014-10-12,BUF,NE,22,22,0,100,26,84,77
867,NE,70,2014-10-16,NE,NYJ,27,27,1,100,26,84,77
868,NE,70,2014-10-26,NE,CHI,51,51,1,100,26,84,77
869,NE,70,2014-11-02,NE,DEN,43,43,1,100,26,84,77
870,NE,70,2014-11-16,IND,NE,20,20,0,100,26,84,77
871,NE,70,2014-11-23,NE,DET,34,34,1,100,26,84,77
872,NE,70,2014-12-07,LAC,NE,14,14,0,100,26,84,77
873,NE,70,2014-12-14,NE,MIA,41,41,1,100,26,84,77
874,NE,70,2014-12-21,NYJ,NE,16,16,0,100,26,84,77
875,NE,70,2015-01-10,NE,BAL,35,35,1,100,26,84,77
876,NE,70,2015-01-18,NE,IND,45,45,1,100,26,84,77
877,NE,70,2015-02-01,NE,SEA,28,28,1,100,26,84,77
878,NO,51,2010-09-09,NO,MIN,14,14,1,87,87,45,84
879,NO,51,2010-09-20,SF,NO,22,22,0,87,87,45,84
880,NO,51,2010-10-03,NO,CAR,16,16,1,87,87,45,84
881,NO,51,2010-10-17,TB,NO,6,6,0,87,87,45,84
882,NO,51,2010-10-31,NO,PIT,20,20,1,87,87,45,84
883,NO,51,2010-11-07,CAR,NO,3,3,0,87,87,45,84
884,NO,51,2010-11-21,NO,SEA,34,34,1,87,87,45,84
885,NO,51,2010-11-25,DAL,NO,27,27,0,87,87,45,84
886,NO,51,2010-12-05,CIN,NO,30,30,0,87,87,45,84
887,NO,51,2010-12-12,NO,LAR,31,31,1,87,87,45,84
888,NO,51,2010-12-27,ATL,NO,14,14,0,87,87,45,84
889,NO,51,2011-09-18,NO,CHI,30,30,1,87,87,45,84
890,NO,51,2011-09-25,NO,HOU,40,40,1,87,87,45,84
891,NO,51,2011-10-02,JAX,NO,10,10,0,87,87,45,84
892,NO,51,2011-10-09,CAR,NO,27,27,0,87,87,45,84
893,NO,51,2011-10-23,NO,IND,62,62,1,87,87,45,84
894,NO,51,2011-11-06,NO,TB,27,27,1,87,87,45,84
895,NO,51,2011-11-13,ATL,NO,23,23,0,87,87,45,84
896,NO,51,2011-11-28,NO,NYG,49,49,1,87,87,45,84
897,NO,51,2011-12-04,NO,DET,31,31,1,87,87,45,84
898,NO,51,2011-12-11,TEN,NO,17,17,0,87,87,45,84
899,NO,51,2011-12-18,MIN,NO,20,20,0,87,87,45,84
900,NO,51,2011-12-26,NO,ATL,45,45,1,87,87,45,84
901,NO,51,2012-01-01,NO,CAR,45,45,1,87,87,45,84
902,NO,51,2012-01-07,NO,DET,45,45,1,87,87,45,84
903,NO,51,2012-10-07,NO,LAC,31,31,1,87,87,45,84
904,NO,51,2012-10-21,TB,NO,28,28,0,87,87,45,84
905,NO,51,2012-11-05,NO,PHI,28,28,1,87,87,45,84
906,NO,51,2012-11-11,NO,ATL,31,31,1,87,87,45,84
907,NO,51,2012-11-18,OAK,NO,17,17,0,87,87,45,84
908,NO,51,2012-12-16,NO,TB,41,41,1,87,87,45,84
909,NO,51,2012-12-23,DAL,NO,31,31,0,87,87,45,84
910,NO,51,2013-09-08,NO,ATL,23,23,1,87,87,45,84
911,NO,51,2013-09-15,TB,NO,14,14,0,87,87,45,84
912,NO,51,2013-09-22,NO,ARI,31,31,1,87,87,45,84
913,NO,51,2013-09-30,NO,MIA,38,38,1,87,87,45,84
914,NO,51,2013-10-06,CHI,NO,18,18,0,87,87,45,84
915,NO,51,2013-10-27,NO,BUF,35,35,1,87,87,45,84
916,NO,51,2013-11-10,NO,DAL,49,49,1,87,87,45,84
917,NO,51,2013-11-17,NO,SF,23,23,1,87,87,45,84
918,NO,51,2013-11-21,ATL,NO,13,13,0,87,87,45,84
919,NO,51,2013-12-08,NO,CAR,31,31,1,87,87,45,84
920,NO,51,2013-12-29,NO,TB,42,42,1,87,87,45,84
921,NO,51,2014-01-04,PHI,NO,24,24,0,87,87,45,84
922,NO,51,2014-09-21,NO,MIN,20,20,1,87,87,45,84
923,NO,51,2014-10-05,NO,TB,37,37,1,87,87,45,84
924,NO,51,2014-10-26,NO,GB,44,44,1,87,87,45,84
925,NO,51,2014-10-30,CAR,NO,10,10,0,87,87,45,84
926,NO,51,2014-11-30,PIT,NO,32,32,0,87,87,45,84
927,NO,51,2014-12-15,CHI,NO,15,15,0,87,87,45,84
928,NO,51,2014-12-28,TB,NO,20,20,0,87,87,45,84
929,NYG,45,2010-09-12,NYG,CAR,31,31,1,77,13,23,10
930,NYG,45,2010-10-03,NYG,CHI,17,17,1,77,13,23,10
931,NYG,45,2010-10-10,HOU,NYG,10,10,0,77,13,23,10
932,NYG,45,2010-10-17,NYG,DET,28,28,1,77,13,23,10
933,NYG,45,2010-10-25,DAL,NYG,35,35,0,77,13,23,10
934,NYG,45,2010-11-07,SEA,NYG,7,7,0,77,13,23,10
935,NYG,45,2010-11-28,NYG,JAX,24,24,1,77,13,23,10
936,NYG,45,2010-12-05,NYG,WSH,31,31,1,77,13,23,10
937,NYG,45,2010-12-13,NYG,MIN,21,21,1,77,13,23,10
938,NYG,45,2011-01-02,WSH,NYG,14,14,0,77,13,23,10
939,NYG,45,2011-09-19,NYG,LAR,28,28,1,77,13,23,10
940,NYG,45,2011-09-25,PHI,NYG,16,16,0,77,13,23,10
941,NYG,45,2011-10-02,ARI,NYG,27,27,0,77,13,23,10
942,NYG,45,2011-10-16,NYG,BUF,27,27,1,77,13,23,10
943,NYG,45,2011-10-30,NYG,MIA,20,20,1,77,13,23,10
944,NYG,45,2011-11-06,NE,NYG,20,20,0,77,13,23,10
945,NYG,45,2011-12-11,DAL,NYG,34,34,0,77,13,23,10
946,NYG,45,2011-12-24,NYJ,NYG,14,14,0,77,13,23,10
947,NYG,45,2012-01-01,NYG,DAL,31,31,1,77,13,23,10
948,NYG,45,2012-01-08,NYG,ATL,24,24,1,77,13,23,10
949,NYG,45,2012-01-15,GB,NYG,20,20,0,77,13,23,10
950,NYG,45,2012-01-22,SF,NYG,17,17,0,77,13,23,10
951,NYG,45,2012-02-05,NYG,NE,21,21,1,77,13,23,10
952,NYG,45,2012-09-16,NYG,TB,41,41,1,77,13,23,10
953,NYG,45,2012-09-20,CAR,NYG,7,7,0,77,13,23,10
954,NYG,45,2012-10-07,NYG,CLE,41,41,1,77,13,23,10
955,NYG,45,2012-10-14,SF,NYG,3,3,0,77,13,23,10
956,NYG,45,2012-10-21,NYG,WSH,27,27,1,77,13,23,10
957,NYG,45,2012-10-28,DAL,NYG,24,24,0,77,13,23,10
958,NYG,45,2012-11-25,NYG,GB,38,38,1,77,13,23,10
959,NYG,45,2012-12-09,NYG,NO,52,52,1,77,13,23,10
960,NYG,45,2012-12-30,NYG,PHI,42,42,1,77,13,23,10
961,NYG,45,2013-10-21,NYG,MIN,23,23,1,77,13,23,10
962,NYG,45,2013-10-27,PHI,NYG,7,7,0,77,13,23,10
963,NYG,45,2013-11-10,NYG,OAK,24,24,1,77,13,23,10
964,NYG,45,2013-11-17,NYG,GB,27,27,1,77,13,23,10
965,NYG,45,2013-12-01,WSH,NYG,17,17,0,77,13,23,10
966,NYG,45,2013-12-22,DET,NYG,20,20,0,77,13,23,10
967,NYG,45,2013-12-29,NYG,WSH,20,20,1,77,13,23,10
968,NYG,45,2014-09-21,NYG,HOU,30,30,1,77,13,23,10
969,NYG,45,2014-09-25,WSH,NYG,14,14,0,77,13,23,10
970,NYG,45,2014-10-05,NYG,ATL,30,30,1,77,13,23,10
971,NYG,45,2014-12-07,TEN,NYG,7,7,0,77,13,23,10
972,NYG,45,2014-12-14,NYG,WSH,24,24,1,77,13,23,10
973,NYG,45,2014-12-21,LAR,NYG,27,27,0,77,13,23,10
974,NYJ,39,2010-09-19,NYJ,NE,28,28,1,23,3,10,16
975,NYJ,39,2010-09-26,MIA,NYJ,23,23,0,23,3,10,16
976,NYJ,39,2010-10-03,BUF,NYJ,14,14,0,23,3,10,16
977,NYJ,39,2010-10-11,NYJ,MIN,29,29,1,23,3,10,16
978,NYJ,39,2010-10-17,DEN,NYJ,20,20,0,23,3,10,16
979,NYJ,39,2010-11-07,DET,NYJ,20,20,0,23,3,10,16
980,NYJ,39,2010-11-14,CLE,NYJ,20,20,0,23,3,10,16
981,NYJ,39,2010-11-21,NYJ,HOU,30,30,1,23,3,10,16
982,NYJ,39,2010-11-25,NYJ,CIN,26,26,1,23,3,10,16
983,NYJ,39,2010-12-19,PIT,NYJ,17,17,0,23,3,10,16
984,NYJ,39,2011-01-02,NYJ,BUF,38,38,1,23,3,10,16
985,NYJ,39,2011-01-08,IND,NYJ,16,16,0,23,3,10,16
986,NYJ,39,2011-01-16,NE,NYJ,21,21,0,23,3,10,16
987,NYJ,39,2011-09-11,NYJ,DAL,27,27,1,23,3,10,16
988,NYJ,39,2011-09-18,NYJ,JAX,32,32,1,23,3,10,16
989,NYJ,39,2011-10-17,NYJ,MIA,24,24,1,23,3,10,16
990,NYJ,39,2011-10-23,NYJ,LAC,27,27,1,23,3,10,16
991,NYJ,39,2011-11-06,BUF,NYJ,11,11,0,23,3,10,16
992,NYJ,39,2011-11-27,NYJ,BUF,28,28,1,23,3,10,16
993,NYJ,39,2011-12-04,WSH,NYJ,19,19,0,23,3,10,16
994,NYJ,39,2011-12-11,NYJ,KC,37,37,1,23,3,10,16
995,NYJ,39,2012-09-09,NYJ,BUF,48,48,1,23,3,10,16
996,NYJ,39,2012-09-23,MIA,NYJ,20,20,0,23,3,10,16
997,NYJ,39,2012-10-14,NYJ,IND,35,35,1,23,3,10,16
998,NYJ,39,2012-11-18,LAR,NYJ,13,13,0,23,3,10,16
999,NYJ,39,2012-12-02,NYJ,ARI,7,7,1,23,3,10,16
1000,NYJ,39,2012-12-09,JAX,NYJ,10,10,0,23,3,10,16
1001,NYJ,39,2013-09-08,NYJ,TB,18,18,1,23,3,10,16
1002,NYJ,39,2013-09-22,NYJ,BUF,27,27,1,23,3,10,16
1003,NYJ,39,2013-10-07,ATL,NYJ,28,28,0,23,3,10,16
1004,NYJ,39,2013-10-20,NYJ,NE,30,30,1,23,3,10,16
1005,NYJ,39,2013-11-03,NYJ,NO,26,26,1,23,3,10,16
1006,NYJ,39,2013-12-08,NYJ,OAK,37,37,1,23,3,10,16
1007,NYJ,39,2013-12-22,NYJ,CLE,24,24,1,23,3,10,16
1008,NYJ,39,2013-12-29,MIA,NYJ,7,7,0,23,3,10,16
1009,NYJ,39,2014-09-07,NYJ,OAK,19,19,1,23,3,10,16
1010,NYJ,39,2014-11-09,NYJ,PIT,20,20,1,23,3,10,16
1011,NYJ,39,2014-12-14,TEN,NYJ,11,11,0,23,3,10,16
1012,NYJ,39,2014-12-28,MIA,NYJ,24,24,0,23,3,10,16
1013,OAK,27,2010-09-19,OAK,LAR,16,16,1,32,65,0,69
1014,OAK,27,2010-10-10,OAK,LAC,35,35,1,32,65,0,69
1015,OAK,27,2010-10-24,DEN,OAK,14,14,0,32,65,0,69
1016,OAK,27,2010-10-31,OAK,SEA,33,33,1,32,65,0,69
1017,OAK,27,2010-11-07,OAK,KC,23,23,1,32,65,0,69
1018,OAK,27,2010-12-05,LAC,OAK,13,13,0,32,65,0,69
1019,OAK,27,2010-12-19,OAK,DEN,39,39,1,32,65,0,69
1020,OAK,27,2011-01-02,KC,OAK,10,10,0,32,65,0,69
1021,OAK,27,2011-09-12,DEN,OAK,20,20,0,32,65,0,69
1022,OAK,27,2011-09-25,OAK,NYJ,34,34,1,32,65,0,69
1023,OAK,27,2011-10-09,HOU,OAK,20,20,0,32,65,0,69
1024,OAK,27,2011-10-16,OAK,CLE,24,24,1,32,65,0,69
1025,OAK,27,2011-11-10,LAC,OAK,17,17,0,32,65,0,69
1026,OAK,27,2011-11-20,MIN,OAK,21,21,0,32,65,0,69
1027,OAK,27,2011-11-27,OAK,CHI,25,25,1,32,65,0,69
1028,OAK,27,2011-12-24,KC,OAK,13,13,0,32,65,0,69
1029,OAK,27,2012-09-23,OAK,PIT,34,34,1,32,65,0,69
1030,OAK,27,2012-10-21,OAK,JAX,26,26,1,32,65,0,69
1031,OAK,27,2012-10-28,KC,OAK,16,16,0,32,65,0,69
1032,OAK,27,2012-12-16,OAK,KC,15,15,1,32,65,0,69
1033,OAK,27,2013-09-15,OAK,JAX,19,19,1,32,65,0,69
1034,OAK,27,2013-10-06,OAK,LAC,27,27,1,32,65,0,69
1035,OAK,27,2013-10-27,OAK,PIT,21,21,1,32,65,0,69
1036,OAK,27,2013-11-17,HOU,OAK,23,23,0,32,65,0,69
1037,OAK,27,2014-11-20,OAK,KC,24,24,1,32,65,0,69
1038,OAK,27,2014-12-07,OAK,SF,24,24,1,32,65,0,69
1039,OAK,27,2014-12-21,OAK,BUF,26,26,1,32,65,0,69
1040,PHI,42,2010-09-19,DET,PHI,32,32,0,71,29,26,95
1041,PHI,42,2010-09-26,JAX,PHI,3,3,0,71,29,26,95
1042,PHI,42,2010-10-10,SF,PHI,24,24,0,71,29,26,95
1043,PHI,42,2010-10-17,PHI,ATL,31,31,1,71,29,26,95
1044,PHI,42,2010-11-07,PHI,IND,26,26,1,71,29,26,95
1045,PHI,42,2010-11-15,WSH,PHI,28,28,0,71,29,26,95
1046,PHI,42,2010-11-21,PHI,NYG,27,27,1,71,29,26,95
1047,PHI,42,2010-12-02,PHI,HOU,34,34,1,71,29,26,95
1048,PHI,42,2010-12-12,DAL,PHI,27,27,0,71,29,26,95
1049,PHI,42,2010-12-19,NYG,PHI,31,31,0,71,29,26,95
1050,PHI,42,2011-09-11,LAR,PHI,13,13,0,71,29,26,95
1051,PHI,42,2011-10-16,WSH,PHI,13,13,0,71,29,26,95
1052,PHI,42,2011-10-30,PHI,DAL,34,34,1,71,29,26,95
1053,PHI,42,2011-11-20,NYG,PHI,10,10,0,71,29,26,95
1054,PHI,42,2011-12-11,MIA,PHI,10,10,0,71,29,26,95
1055,PHI,42,2011-12-18,PHI,NYJ,45,45,1,71,29,26,95
1056,PHI,42,2011-12-24,DAL,PHI,7,7,0,71,29,26,95
1057,PHI,42,2012-01-01,PHI,WSH,34,34,1,71,29,26,95
1058,PHI,42,2012-09-09,CLE,PHI,16,16,0,71,29,26,95
1059,PHI,42,2012-09-16,PHI,BAL,24,24,1,71,29,26,95
1060,PHI,42,2012-09-30,PHI,NYG,19,19,1,71,29,26,95
1061,PHI,42,2012-12-09,TB,PHI,21,21,0,71,29,26,95
1062,PHI,42,2013-09-09,WSH,PHI,27,27,0,71,29,26,95
1063,PHI,42,2013-10-06,NYG,PHI,21,21,0,71,29,26,95
1064,PHI,42,2013-10-13,TB,PHI,20,20,0,71,29,26,95
1065,PHI,42,2013-11-03,OAK,PHI,20,20,0,71,29,26,95
1066,PHI,42,2013-11-10,GB,PHI,13,13,0,71,29,26,95
1067,PHI,42,2013-11-17,PHI,WSH,24,24,1,71,29,26,95
1068,PHI,42,2013-12-01,PHI,ARI,24,24,1,71,29,26,95
1069,PHI,42,2013-12-08,PHI,DET,34,34,1,71,29,26,95
1070,PHI,42,2013-12-22,PHI,CHI,54,54,1,71,29,26,95
1071,PHI,42,2013-12-29,DAL,PHI,22,22,0,71,29,26,95
1072,PHI,42,2014-09-07,PHI,JAX,34,34,1,71,29,26,95
1073,PHI,42,2014-09-15,IND,PHI,27,27,0,71,29,26,95
1074,PHI,42,2014-09-21,PHI,WSH,37,37,1,71,29,26,95
1075,PHI,42,2014-10-05,PHI,LAR,34,34,1,71,29,26,95
1076,PHI,42,2014-10-12,PHI,NYG,27,27,1,71,29,26,95
1077,PHI,42,2014-11-02,HOU,PHI,21,21,0,71,29,26,95
1078,PHI,42,2014-11-10,PHI,CAR,45,45,1,71,29,26,95
1079,PHI,42,2014-11-23,PHI,TEN,43,43,1,71,29,26,95
1080,PHI,42,2014-11-27,DAL,PHI,10,10,0,71,29,26,95
1081,PHI,42,2014-12-28,NYG,PHI,26,26,0,71,29,26,95
1082,PIT,53,2010-09-12,PIT,ATL,15,15,1,65,74,42,69
1083,PIT,53,2010-09-19,TEN,PIT,11,11,0,65,74,42,69
1084,PIT,53,2010-09-26,TB,PIT,13,13,0,65,74,42,69
1085,PIT,53,2010-10-17,PIT,CLE,28,28,1,65,74,42,69
1086,PIT,53,2010-10-24,MIA,PIT,22,22,0,65,74,42,69
1087,PIT,53,2010-11-08,CIN,PIT,21,21,0,65,74,42,69
1088,PIT,53,2010-11-21,PIT,OAK,35,35,1,65,74,42,69
1089,PIT,53,2010-11-28,BUF,PIT,16,16,0,65,74,42,69
1090,PIT,53,2010-12-05,BAL,PIT,10,10,0,65,74,42,69
1091,PIT,53,2010-12-12,PIT,CIN,23,23,1,65,74,42,69
1092,PIT,53,2010-12-23,PIT,CAR,27,27,1,65,74,42,69
1093,PIT,53,2011-01-02,CLE,PIT,9,9,0,65,74,42,69
1094,PIT,53,2011-01-15,PIT,BAL,31,31,1,65,74,42,69
1095,PIT,53,2011-01-23,PIT,NYJ,24,24,1,65,74,42,69
1096,PIT,53,2011-09-18,PIT,SEA,24,24,1,65,74,42,69
1097,PIT,53,2011-09-25,IND,PIT,20,20,0,65,74,42,69
1098,PIT,53,2011-10-09,PIT,TEN,38,38,1,65,74,42,69
1099,PIT,53,2011-10-16,PIT,JAX,17,17,1,65,74,42,69
1100,PIT,53,2011-10-23,ARI,PIT,20,20,0,65,74,42,69
1101,PIT,53,2011-10-30,PIT,NE,25,25,1,65,74,42,69
1102,PIT,53,2011-11-13,CIN,PIT,17,17,0,65,74,42,69
1103,PIT,53,2011-11-27,KC,PIT,9,9,0,65,74,42,69
1104,PIT,53,2011-12-04,PIT,CIN,35,35,1,65,74,42,69
1105,PIT,53,2011-12-08,PIT,CLE,14,14,1,65,74,42,69
1106,PIT,53,2011-12-24,PIT,LAR,27,27,1,65,74,42,69
1107,PIT,53,2012-01-01,CLE,PIT,9,9,0,65,74,42,69
1108,PIT,53,2012-09-16,PIT,NYJ,27,27,1,65,74,42,69
1109,PIT,53,2012-10-07,PIT,PHI,16,16,1,65,74,42,69
1110,PIT,53,2012-10-21,CIN,PIT,17,17,0,65,74,42,69
1111,PIT,53,2012-10-28,PIT,WSH,27,27,1,65,74,42,69
1112,PIT,53,2012-11-04,NYG,PIT,20,20,0,65,74,42,69
1113,PIT,53,2012-11-12,PIT,KC,16,16,1,65,74,42,69
1114,PIT,53,2012-12-02,BAL,PIT,20,20,0,65,74,42,69
1115,PIT,53,2012-12-30,PIT,CLE,24,24,1,65,74,42,69
1116,PIT,53,2013-10-13,NYJ,PIT,6,6,0,65,74,42,69
1117,PIT,53,2013-10-20,PIT,BAL,19,19,1,65,74,42,69
1118,PIT,53,2013-11-10,PIT,BUF,23,23,1,65,74,42,69
1119,PIT,53,2013-11-17,PIT,DET,37,37,1,65,74,42,69
1120,PIT,53,2013-11-24,CLE,PIT,11,11,0,65,74,42,69
1121,PIT,53,2013-12-15,PIT,CIN,30,30,1,65,74,42,69
1122,PIT,53,2013-12-22,GB,PIT,31,31,0,65,74,42,69
1123,PIT,53,2013-12-29,PIT,CLE,20,20,1,65,74,42,69
1124,PIT,53,2014-09-07,PIT,CLE,30,30,1,65,74,42,69
1125,PIT,53,2014-09-21,CAR,PIT,19,19,0,65,74,42,69
1126,PIT,53,2014-10-05,JAX,PIT,9,9,0,65,74,42,69
1127,PIT,53,2014-10-20,PIT,HOU,30,30,1,65,74,42,69
1128,PIT,53,2014-10-26,PIT,IND,51,51,1,65,74,42,69
1129,PIT,53,2014-11-02,PIT,BAL,43,43,1,65,74,42,69
1130,PIT,53,2014-11-17,TEN,PIT,24,24,0,65,74,42,69
1131,PIT,53,2014-12-07,CIN,PIT,21,21,0,65,74,42,69
1132,PIT,53,2014-12-14,ATL,PIT,20,20,0,65,74,42,69
1133,PIT,53,2014-12-21,PIT,KC,20,20,1,65,74,42,69
1134,PIT,53,2014-12-28,PIT,CIN,27,27,1,65,74,42,69
1135,SEA,57,2010-09-12,SEA,SF,31,31,1,95,23,100,29
1136,SEA,57,2010-09-26,SEA,LAC,27,27,1,95,23,100,29
1137,SEA,57,2010-10-17,CHI,SEA,20,20,0,95,23,100,29
1138,SEA,57,2010-10-24,SEA,ARI,22,22,1,95,23,100,29
1139,SEA,57,2010-11-14,ARI,SEA,18,18,0,95,23,100,29
1140,SEA,57,2010-12-05,SEA,CAR,31,31,1,95,23,100,29
1141,SEA,57,2011-01-02,SEA,LAR,16,16,1,95,23,100,29
1142,SEA,57,2011-01-08,SEA,NO,41,41,1,95,23,100,29
1143,SEA,57,2011-09-25,SEA,ARI,13,13,1,95,23,100,29
1144,SEA,57,2011-10-09,NYG,SEA,25,25,0,95,23,100,29
1145,SEA,57,2011-11-13,SEA,BAL,22,22,1,95,23,100,29
1146,SEA,57,2011-11-20,LAR,SEA,7,7,0,95,23,100,29
1147,SEA,57,2011-12-01,SEA,PHI,31,31,1,95,23,100,29
1148,SEA,57,2011-12-12,SEA,LAR,30,30,1,95,23,100,29
1149,SEA,57,2011-12-18,CHI,SEA,14,14,0,95,23,100,29
1150,SEA,57,2012-09-16,SEA,DAL,27,27,1,95,23,100,29
1151,SEA,57,2012-09-24,SEA,GB,14,14,1,95,23,100,29
1152,SEA,57,2012-10-07,CAR,SEA,12,12,0,95,23,100,29
1153,SEA,57,2012-10-14,SEA,NE,24,24,1,95,23,100,29
1154,SEA,57,2012-11-04,SEA,MIN,30,30,1,95,23,100,29
1155,SEA,57,2012-11-11,SEA,NYJ,28,28,1,95,23,100,29
1156,SEA,57,2012-12-02,CHI,SEA,17,17,0,95,23,100,29
1157,SEA,57,2012-12-09,SEA,ARI,58,58,1,95,23,100,29
1158,SEA,57,2012-12-16,BUF,SEA,17,17,0,95,23,100,29
1159,SEA,57,2012-12-23,SEA,SF,42,42,1,95,23,100,29
1160,SEA,57,2012-12-30,SEA,LAR,20,20,1,95,23,100,29
1161,SEA,57,2013-01-06,WSH,SEA,14,14,0,95,23,100,29
1162,SEA,57,2013-09-08,CAR,SEA,7,7,0,95,23,100,29
1163,SEA,57,2013-09-15,SEA,SF,29,29,1,95,23,100,29
1164,SEA,57,2013-09-22,SEA,JAX,45,45,1,95,23,100,29
1165,SEA,57,2013-09-29,HOU,SEA,20,20,0,95,23,100,29
1166,SEA,57,2013-10-13,SEA,TEN,20,20,1,95,23,100,29
1167,SEA,57,2013-10-17,ARI,SEA,22,22,0,95,23,100,29
1168,SEA,57,2013-10-28,LAR,SEA,9,9,0,95,23,100,29
1169,SEA,57,2013-11-03,SEA,TB,27,27,1,95,23,100,29
1170,SEA,57,2013-11-10,ATL,SEA,10,10,0,95,23,100,29
1171,SEA,57,2013-11-17,SEA,MIN,41,41,1,95,23,100,29
1172,SEA,57,2013-12-02,SEA,NO,34,34,1,95,23,100,29
1173,SEA,57,2013-12-15,NYG,SEA,0,0,0,95,23,100,29
1174,SEA,57,2013-12-29,SEA,LAR,27,27,1,95,23,100,29
1175,SEA,57,2014-01-11,SEA,NO,23,23,1,95,23,100,29
1176,SEA,57,2014-01-19,SEA,SF,23,23,1,95,23,100,29
1177,SEA,57,2014-02-02,DEN,SEA,8,8,0,95,23,100,29
1178,SEA,57,2014-09-04,SEA,GB,36,36,1,95,23,100,29
1179,SEA,57,2014-09-21,SEA,DEN,26,26,1,95,23,100,29
1180,SEA,57,2014-10-06,WSH,SEA,17,17,0,95,23,100,29
1181,SEA,57,2014-10-26,CAR,SEA,9,9,0,95,23,100,29
1182,SEA,57,2014-11-02,SEA,OAK,30,30,1,95,23,100,29
1183,SEA,57,2014-11-09,SEA,NYG,38,38,1,95,23,100,29
1184,SEA,57,2014-11-23,SEA,ARI,19,19,1,95,23,100,29
1185,SEA,57,2014-11-27,SF,SEA,3,3,0,95,23,100,29
1186,SEA,57,2014-12-07,PHI,SEA,14,14,0,95,23,100,29
1187,SEA,57,2014-12-14,SEA,SF,17,17,1,95,23,100,29
1188,SEA,57,2014-12-21,ARI,SEA,6,6,0,95,23,100,29
1189,SEA,57,2014-12-28,SEA,LAR,20,20,1,95,23,100,29
1190,SEA,57,2015-01-10,SEA,CAR,31,31,1,95,23,100,29
1191,SEA,57,2015-01-18,SEA,GB,28,28,1,95,23,100,29
1192,SF,55,2010-10-17,SF,OAK,17,17,1,0,10,65,95
1193,SF,55,2010-10-31,DEN,SF,16,16,0,0,10,65,95
1194,SF,55,2010-11-14,SF,LAR,23,23,1,0,10,65,95
1195,SF,55,2010-11-29,ARI,SF,6,6,0,0,10,65,95
1196,SF,55,2010-12-12,SF,SEA,40,40,1,0,10,65,95
1197,SF,55,2011-01-02,SF,ARI,38,38,1,0,10,65,95
1198,SF,55,2011-09-11,SF,SEA,33,33,1,0,10,65,95
1199,SF,55,2011-09-25,CIN,SF,8,8,0,0,10,65,95
1200,SF,55,2011-10-02,PHI,SF,23,23,0,0,10,65,95
1201,SF,55,2011-10-09,SF,TB,48,48,1,0,10,65,95
1202,SF,55,2011-10-16,DET,SF,19,19,0,0,10,65,95
1203,SF,55,2011-10-30,SF,CLE,20,20,1,0,10,65,95
1204,SF,55,2011-11-06,WSH,SF,11,11,0,0,10,65,95
1205,SF,55,2011-11-13,SF,NYG,27,27,1,0,10,65,95
1206,SF,55,2011-11-20,SF,ARI,23,23,1,0,10,65,95
1207,SF,55,2011-12-04,SF,LAR,26,26,1,0,10,65,95
1208,SF,55,2011-12-19,SF,PIT,20,20,1,0,10,65,95
1209,SF,55,2011-12-24,SEA,SF,17,17,0,0,10,65,95
1210,SF,55,2012-01-01,LAR,SF,27,27,0,0,10,65,95
1211,SF,55,2012-01-14,SF,NO,36,36,1,0,10,65,95
1212,SF,55,2012-09-09,GB,SF,22,22,0,0,10,65,95
1213,SF,55,2012-09-16,SF,DET,27,27,1,0,10,65,95
1214,SF,55,2012-09-30,NYJ,SF,0,0,0,0,10,65,95
1215,SF,55,2012-10-07,SF,BUF,45,45,1,0,10,65,95
1216,SF,55,2012-10-18,SF,SEA,13,13,1,0,10,65,95
1217,SF,55,2012-10-29,ARI,SF,3,3,0,0,10,65,95
1218,SF,55,2012-11-19,SF,CHI,32,32,1,0,10,65,95
1219,SF,55,2012-11-25,NO,SF,21,21,0,0,10,65,95
1220,SF,55,2012-12-09,SF,MIA,27,27,1,0,10,65,95
1221,SF,55,2012-12-16,NE,SF,34,34,0,0,10,65,95
1222,SF,55,2012-12-30,SF,ARI,27,27,1,0,10,65,95
1223,SF,55,2013-01-12,SF,GB,45,45,1,0,10,65,95
1224,SF,55,2013-01-20,ATL,SF,24,24,0,0,10,65,95
1225,SF,55,2013-09-08,SF,GB,34,34,1,0,10,65,95
1226,SF,55,2013-09-26,LAR,SF,11,11,0,0,10,65,95
1227,SF,55,2013-10-06,SF,HOU,34,34,1,0,10,65,95
1228,SF,55,2013-10-13,SF,ARI,32,32,1,0,10,65,95
1229,SF,55,2013-10-20,TEN,SF,17,17,0,0,10,65,95
1230,SF,55,2013-10-27,SF,JAX,42,42,1,0,10,65,95
1231,SF,55,2013-11-25,WSH,SF,6,6,0,0,10,65,95
1232,SF,55,2013-12-01,SF,LAR,23,23,1,0,10,65,95
1233,SF,55,2013-12-08,SF,SEA,19,19,1,0,10,65,95
1234,SF,55,2013-12-15,TB,SF,14,14,0,0,10,65,95
1235,SF,55,2013-12-23,SF,ATL,34,34,1,0,10,65,95
1236,SF,55,2013-12-29,ARI,SF,20,20,0,0,10,65,95
1237,SF,55,2014-01-05,GB,SF,20,20,0,0,10,65,95
1238,SF,55,2014-01-12,CAR,SF,10,10,0,0,10,65,95
1239,SF,55,2014-09-07,DAL,SF,17,17,0,0,10,65,95
1240,SF,55,2014-09-28,SF,PHI,26,26,1,0,10,65,95
1241,SF,55,2014-10-05,SF,KC,22,22,1,0,10,65,95
1242,SF,55,2014-10-13,LAR,SF,17,17,0,0,10,65,95
1243,SF,55,2014-11-09,NO,SF,24,24,0,0,10,65,95
1244,SF,55,2014-11-16,NYG,SF,10,10,0,0,10,65,95
1245,SF,55,2014-11-23,SF,WSH,17,17,1,0,10,65,95
1246,SF,55,2014-12-28,SF,ARI,20,20,1,0,10,65,95
1247,TB,27,2010-09-12,TB,CLE,17,17,1,29,68,13,44
1248,TB,27,2010-09-19,CAR,TB,7,7,0,29,68,13,44
1249,TB,27,2010-10-10,CIN,TB,21,21,0,29,68,13,44
1250,TB,27,2010-10-24,TB,LAR,18,18,1,29,68,13,44
1251,TB,27,2010-10-31,ARI,TB,35,35,0,29,68,13,44
1252,TB,27,2010-11-14,TB,CAR,31,31,1,29,68,13,44
1253,TB,27,2010-11-21,SF,TB,0,0,0,29,68,13,44
1254,TB,27,2010-12-12,WSH,TB,16,16,0,29,68,13,44
1255,TB,27,2010-12-26,TB,SEA,38,38,1,29,68,13,44
1256,TB,27,2011-01-02,NO,TB,13,13,0,29,68,13,44
1257,TB,27,2011-09-18,MIN,TB,20,20,0,29,68,13,44
1258,TB,27,2011-09-25,TB,ATL,16,16,1,29,68,13,44
1259,TB,27,2011-10-03,TB,IND,24,24,1,29,68,13,44
1260,TB,27,2011-10-16,TB,NO,26,26,1,29,68,13,44
1261,TB,27,2012-09-09,TB,CAR,16,16,1,29,68,13,44
1262,TB,27,2012-10-14,TB,KC,38,38,1,29,68,13,44
1263,TB,27,2012-10-25,MIN,TB,17,17,0,29,68,13,44
1264,TB,27,2012-11-04,OAK,TB,32,32,0,29,68,13,44
1265,TB,27,2012-11-11,TB,LAC,34,34,1,29,68,13,44
1266,TB,27,2012-11-18,CAR,TB,21,21,0,29,68,13,44
1267,TB,27,2012-12-30,ATL,TB,17,17,0,29,68,13,44
1268,TB,27,2013-11-11,TB,MIA,22,22,1,29,68,13,44
1269,TB,27,2013-11-17,TB,ATL,41,41,1,29,68,13,44
1270,TB,27,2013-11-24,DET,TB,21,21,0,29,68,13,44
1271,TB,27,2013-12-08,TB,BUF,27,27,1,29,68,13,44
1272,TB,27,2014-09-28,PIT,TB,24,24,0,29,68,13,44
1273,TB,27,2014-11-16,WSH,TB,7,7,0,29,68,13,44
1274,TEN,30,2010-09-12,TEN,OAK,38,38,1,10,32,16,29
1275,TEN,30,2010-09-26,NYG,TEN,10,10,0,10,32,16,29
1276,TEN,30,2010-10-10,DAL,TEN,27,27,0,10,32,16,29
1277,TEN,30,2010-10-18,JAX,TEN,3,3,0,10,32,16,29
1278,TEN,30,2010-10-24,TEN,PHI,37,37,1,10,32,16,29
1279,TEN,30,2010-12-19,TEN,HOU,31,31,1,10,32,16,29
1280,TEN,30,2011-09-18,TEN,BAL,26,26,1,10,32,16,29
1281,TEN,30,2011-09-25,TEN,DEN,17,17,1,10,32,16,29
1282,TEN,30,2011-10-02,CLE,TEN,13,13,0,10,32,16,29
1283,TEN,30,2011-10-30,TEN,IND,27,27,1,10,32,16,29
1284,TEN,30,2011-11-13,CAR,TEN,3,3,0,10,32,16,29
1285,TEN,30,2011-11-27,TEN,TB,23,23,1,10,32,16,29
1286,TEN,30,2011-12-04,BUF,TEN,17,17,0,10,32,16,29
1287,TEN,30,2011-12-24,TEN,JAX,23,23,1,10,32,16,29
1288,TEN,30,2012-01-01,HOU,TEN,22,22,0,10,32,16,29
1289,TEN,30,2012-09-23,TEN,DET,44,44,1,10,32,16,29
1290,TEN,30,2012-10-11,TEN,PIT,26,26,1,10,32,16,29
1291,TEN,30,2012-10-21,BUF,TEN,34,34,0,10,32,16,29
1292,TEN,30,2012-11-11,MIA,TEN,3,3,0,10,32,16,29
1293,TEN,30,2012-12-17,TEN,NYJ,14,14,1,10,32,16,29
1294,TEN,30,2012-12-30,TEN,JAX,38,38,1,10,32,16,29
1295,TEN,30,2013-09-08,PIT,TEN,9,9,0,10,32,16,29
1296,TEN,30,2013-09-22,TEN,LAC,20,20,1,10,32,16,29
1297,TEN,30,2013-09-29,TEN,NYJ,38,38,1,10,32,16,29
1298,TEN,30,2013-11-03,LAR,TEN,21,21,0,10,32,16,29
1299,TEN,30,2013-11-24,OAK,TEN,19,19,0,10,32,16,29
1300,TEN,30,2013-12-22,JAX,TEN,16,16,0,10,32,16,29
1301,TEN,30,2013-12-29,TEN,HOU,16,16,1,10,32,16,29
1302,TEN,30,2014-09-07,KC,TEN,10,10,0,10,32,16,29
1303,TEN,30,2014-10-12,TEN,JAX,16,16,1,10,32,16,29
1304,WSH,28,2010-09-12,WSH,DAL,13,13,1,3,0,6,3
1305,WSH,28,2010-10-03,PHI,WSH,12,12,0,3,0,6,3
1306,WSH,28,2010-10-10,WSH,GB,16,16,1,3,0,6,3
1307,WSH,28,2010-10-24,CHI,WSH,14,14,0,3,0,6,3
1308,WSH,28,2010-11-21,TEN,WSH,16,16,0,3,0,6,3
1309,WSH,28,2010-12-26,JAX,WSH,17,17,0,3,0,6,3
1310,WSH,28,2011-09-11,WSH,NYG,28,28,1,3,0,6,3
1311,WSH,28,2011-09-18,WSH,ARI,22,22,1,3,0,6,3
1312,WSH,28,2011-10-02,LAR,WSH,10,10,0,3,0,6,3
1313,WSH,28,2011-11-27,SEA,WSH,17,17,0,3,0,6,3
1314,WSH,28,2011-12-18,NYG,WSH,10,10,0,3,0,6,3
1315,WSH,28,2012-09-09,NO,WSH,32,32,0,3,0,6,3
1316,WSH,28,2012-09-30,TB,WSH,22,22,0,3,0,6,3
1317,WSH,28,2012-10-14,WSH,MIN,38,38,1,3,0,6,3
1318,WSH,28,2012-11-18,WSH,PHI,31,31,1,3,0,6,3
1319,WSH,28,2012-11-22,DAL,WSH,31,31,0,3,0,6,3
1320,WSH,28,2012-12-03,WSH,NYG,17,17,1,3,0,6,3
1321,WSH,28,2012-12-09,WSH,BAL,31,31,1,3,0,6,3
1322,WSH,28,2012-12-16,CLE,WSH,21,21,0,3,0,6,3
1323,WSH,28,2012-12-23,PHI,WSH,20,20,0,3,0,6,3
1324,WSH,28,2012-12-30,WSH,DAL,28,28,1,3,0,6,3
1325,WSH,28,2013-09-29,OAK,WSH,14,14,0,3,0,6,3
1326,WSH,28,2013-10-20,WSH,CHI,45,45,1,3,0,6,3
1327,WSH,28,2013-11-03,WSH,LAC,30,30,1,3,0,6,3
1328,WSH,28,2014-09-14,WSH,JAX,41,41,1,3,0,6,3
1329,WSH,28,2014-10-19,WSH,TEN,19,19,1,3,0,6,3
1330,WSH,28,2014-10-27,DAL,WSH,17,17,0,3,0,6,3
1331,WSH,28,2014-12-20,WSH,PHI,27,27,1,3,0,6,3
